中日韩自贸区第九轮谈判会议18日在东京举行,,"
综合 
",,　　中日韩自贸区第九轮谈判首席谈判代表会议18日在东京举行，三方将就货物服务贸易、投资等议题深入交换意见。
金立群党报刊文：亚投行将打造金融与网络融合范本,责任编辑：吴易抒 SF162,"
		    2016年01月05日09:25 
 
新华网
","
		    2016年01月05日09:25 
 
新华网
","









　　亚投行：国际经济金融合作发展“推进器”（人民要论）
　　来源：人民日报 金立群 亚洲基础设施投资银行候任行长
　　中国国家主席习近平于2013年10月提出筹建亚洲基础设施投资银行（以下简称“亚投行”）的倡议，得到亚洲区域内外经济体的广泛响应。目前已有57个国家签署了政府间协议，还有亚洲和其他地区的很多经济体正在申请加入。经过两年多的紧张筹建，亚投行已于2015年12月25日正式成立。这是首个由亚洲发展中国家共同发起并主导的多边开发性金融机构。亚投行将遵循高效、精简、清廉、清洁的原则，通过贷款、担保、股权投资等多种金融工具，致力于亚洲区域基础设施建设和互联互通，促进区域经济一体化和区域经济繁荣。
　　促进全球经济血脉更加畅通
　　亚投行的职责主要是：通过开发性金融工具，重点推进亚洲区域的基础设施及其互联互通建设，打破各经济体之间投资、贸易和人员往来的屏障，带动投资增长，促进贸易以至全球经济血脉更加畅通，为构建更加广泛、更高水平、更深层次的开放型区域经济和世界经济提供基础保障条件。这是中国政府携手国际社会构建与发展新时代开放型世界经济，坚持走大开放、大融合、大发展道路的积极体现。
　　彰显包容、普惠、联动式发展理念。亚投行是第一个由发展中国家主导筹建的多边开发性金融机构，其75%的股权由亚洲区域内成员主要是亚洲发展中国家与新兴经济体持有。这将有力提升这些经济体在全球经济金融治理中的代表性和发言权，促进国际经济合作权利平等、机会平等、规则平等，是对世界经济金融治理体系和机制的有益补充。亚投行在筹建过程中充分考虑了小型经济体的实力和基础设施投融资需求，借鉴现有多边金融机构好的做法，在股权、投票权、资本金缴纳币种等方面作出了有利于小型经济体平等协商、充分参与的灵活安排。根据以GDP为基本依据的股权分配模式，中国是亚投行的最大股东。但中国政府一再强调，无论在亚投行的筹建还是在将来的决策、管理运营阶段，都将一以贯之地坚持“共商共建共享”的原则，中国绝非一家独大，亚投行始终是所有成员共同拥有的多边发展银行。预计在2016年第二季度，亚投行将为首批基础设施重大项目提供融资支持。这将大大促进亚洲发展中国家特别是低收入经济体的基础设施建设，推动其加速融入区域经济一体化进程，共享区域以至全球发展的经验与果实，增强其自身发展以及同新兴市场经济体、发达经济体联动发展能力，使世界经济发展成果惠及更多民众。这正是习近平主席在多个国际场合一再重申的包容、普惠、联动式发展理念的有力彰显，也是落实联合国2030年可持续发展议程，消除贫困、实现共同发展的务实行动。
　　彰显合作共赢、创新、可持续发展理念。亚投行的筹建过程显示了中国政府对地区与世界和平发展事业高度负责、勇于担当的态度，同舟共济、荣辱与共的人类命运共同体意识，共商共建、促进世界经济金融体系不断完善的诚意和能力。全体意向创始成员国一致通过的亚投行治理运营模式的政策文件，明确规定了招标采购和专业人员招聘等重大事项将向全球开放。亚投行将借此吸收聚集全世界的优秀资源和人才，不断加强自身能力建设，积极投身于建设与完善互利共赢、多元平衡、安全高效的开放型经济体系。创新是亚投行健康发展、发挥积极作用的主要驱动力。意向创始成员既认真吸收现有多边开发性金融机构好的经验，又正视其问题与教训，寻求差异化定位，突出促进区域经济合作与一体化的重点。在效率、效益、公平、透明、廉洁、绿色和可持续发展的目标指引下，充分考虑公共和私人部门的各自优势，创新性地设计治理结构和运营管理决策机制，力争使亚投行成为高水平的新型多边发展银行。亚投行将积极寻求与现有多边金融机构各种可行的合作，共同推动亚洲和更广泛发展中经济体的基础设施建设与互联互通，促进区域和全球经济朝着开放、包容、合作、互利、普惠的联动式、创新性、可持续发展方向前进。
　　推动信息基础设施建设与互联互通投资
　　当前，世界经济呈现创新发展、联动发展的特点。科学技术在广泛交叉和深度融合中不断创新，各国在广泛经济合作中推进创新发展。在新科技革命和产业革命的交汇点上，习近平主席提出的“一带一路”倡议引起强烈共鸣，有效串联衔接起沿线经济体的发展战略与计划，相互融合、不断创新的新型增长与发展格局正在迅速形成。习近平主席指出：“新一轮科技和产业革命正在创造历史性机遇”“互联网日益成为创新驱动发展的先导力量”。这意味着以网络基础设施为主体的信息基础设施建设与互联互通，已成为加快经济发展方式转变和新旧动力转换、促进经济结构战略性调整、推动区域和世界经济创新增长的关键要素和重要支撑。基于此，亚投行以推动信息基础设施建设与互联互通投资为抓手，加强互联网技术合作共享，推动区域乃至世界经济一体化发展，为推动新一轮科技革命和创新发展发挥应有作用。
　　亚投行在支持信息基础设施建设方面具有优势。当前，基于互联网的新产业和新业态日新月异，产生了对信息基础设施建设的巨大需求。作为21世纪成立的新型多边金融机构，亚投行诞生于信息化时代，具有基于互联网技术的创新思维和推动信息基础设施建设的先天优势。同时，亚投行能借鉴现有多边开发性金融机构运行多年的经验教训，发挥后发优势。两种优势相结合，为亚投行完善治理机制、创新运营管理模式、确定投资支持对象、优化项目筛选布局等提供重要保障。亚投行将充分发挥优势，支持建立多边、民主、透明的国际互联网治理体系，支持共同构建和平、安全、开放、合作的网络空间；认真研究中国政府提出的“互联网+”行动计划、欧盟提出的“数字单一市场建设计划”以及广大发展中经济体提出的互联网数字发展计划，切实支持这些计划的实施，促进区域特别是“一带一路”沿线经济体的互联网合作发展。
　　重点投资信息及相关领域基础设施建设。一方面，对信息基础设施建设及其互联互通给予应有投入。亚投行的很多成员重视包括固定宽带网络、通信光缆特别是跨境陆缆海缆、无线传感网、卫星服务设施、新一代移动通信网和互联网设施、物联网设施、云计算与大数据平台设施等信息基础设施领域的投入和建设。未来的亚投行董事会将根据发展中成员的需求，制定相应的业务政策，助推发展中国家普及互联网，消除数字鸿沟、打破信息壁垒，培育新型经济增长方式，共享经济社会发展成果。另一方面，有计划、有步骤地给予基础设施建设与互联互通的相关领域以重点投入和相应支持，包括道路、桥梁、水运、港口、航空等交通领域，输变电尤其是电网建设与升级改造、油气管道等能源基础设施领域，风能、水能、核能、太阳能、生物能发电、储电、配送等新型清洁能源基础设施领域，城市供水、排水和污水、垃圾处理以及供暖制冷等城市基础设施领域，节水灌溉等农业农村基础设施领域，仓储配送等物流基础设施设备领域，等等。对这些实体性基础设施及其智能化改造项目的支持，既能促进这些领域对互联网的运用，又能促进互联网对这些领域以及更广泛产业的渗透，增强互联网运用的广泛性、深入性。线上线下相互促进、相互融合，能不断催生“一带一路”沿线乃至全球新经济增长点，推进合作共赢、可持续发展。
　　致力于金融服务与互联网技术融合发展。金融机构自身的便捷、高效、安全运行，是对其投资项目给予长期有力支持的前提和基础，这离不开对互联网技术的科学应用。亚投行筹建伊始，就致力于建设一个数字性多边开发金融机构，开业后将运用大数据分析和云计算技术等信息化手段，不断强化项目搜寻、立项评估、执行、效果评价等方面信息的网络化、自动化、系统化收集能力；实现项目运营全流程的信息集中、整合、共享、分析运用；提高决策的及时性、精准性和有效性。在此基础上开发与丰富相应的金融产品，降低运营成本、提高效率、管控风险，扩展业务服务面，增强信贷投资支持的针对性。认真研究吸取现有多边金融机构和各主要金融机构在互联网技术应用设计方面的经验教训，力争在新的起点和更高层次上建设一个覆盖银行经营管理全流程的信息技术支持系统，打造金融服务与互联网技术融合发展的新范本。
　　为了更好促进信息基础设施建设和互联网技术更新换代，亚投行将本着包容、开放、公开、透明的原则，积极寻求并欢迎各成员国政府、相关机构与私人企业共同探讨并开展各种合作；也欢迎尚未加入亚投行的经济体中相关机构与企业遵循国际惯例，与亚投行开展互利共赢的合作，共同推动经济社会发展、生态保护、文化交流与繁荣，共同推动全球均衡可持续发展，不断增进各国人民福祉。
　　（作者为亚洲基础设施投资银行候任行长）






进入【新浪财经股吧】讨论
"
外媒：超半数亚洲女亿万富豪白手起家 平均53岁,,"
		    2015年12月29日08:30 
 
参考消息



      ","
		    2015年12月29日08:30 
 
参考消息



      ","









　　外媒：超半数亚洲女亿万富豪白手起家 平均53岁
　　核心提示：普华永道美国的全球财富主管迈克尔·斯佩拉西说，中国大陆、新加坡和香港是亿万富豪增加最多的。
　　参考消息网12月29日报道 外媒称，随着白手起家的亚洲女性在世界财富榜上排名跃升，女性亿万富豪的增加速度正超过男性亿万富豪。
　　据英国《星期日泰晤士报》网站12月27日报道，女性亿万富豪现有145名，几乎为20年前的七倍，而男性亿万富豪在同一时期的数字为五倍。然而，男性亿万富豪有1202名，远超女性。
　　报道称，咨询公司普华永道和瑞士全球金融公司瑞银集团进行的一项亿万富豪调查显示，超过半数的亚洲女性亿万富豪是白手起家的，这一比例在美国为19%，在欧洲为7%。
　　与其他地区相比，亚洲的女性亿万富豪也更年轻，平均年龄为53岁。
　　最著名的人物之一是中国房地产大亨张欣。50岁的张欣是在贫穷中长大的。
　　报道称，14岁时，张欣移居香港，为攒下去英国的机票钱，她在那里的血汗工厂做苦工。到英国后，她在萨塞克斯大学和剑桥大学学习了经济学，然后在华尔街找到了高盛公司的一份工作。1994年，张欣回国，与丈夫一同创办了SOHO中国，该公司是北京最大的商业地产开发商，现在因其在视觉上引人注目的大楼而出名。
　　这位女企业家在新浪微博上有超过900万粉丝，净资产为28亿美元。
　　报道称，普华永道美国的全球财富主管迈克尔·斯佩拉西说，中国大陆、新加坡和香港是亿万富豪增加最多的。
　　瑞银集团超高净值团队全球负责人乔·斯塔德勒说，高教育水平和最近的中国政治在女性的成功中扮演了一定角色。他说：“常常受到忽视的一点是独生子女政策，父母们没法选择把生意交给男性。”
　　报道称，今年名列《福布斯》榜单的女性在酒店、交通运输、房地产和投资基金等领域积累了巨额财富。与张欣一同上榜的还有46岁、拥有烟草香精生意的朱林瑶和45岁、当过工厂工人、后来创办了一家智能手机触摸屏制造企业的周群飞。凭借80亿美元的净资产，周群飞是亚洲女首富。
　　虽然多数女性亿万富豪来自于欧洲和美国——包括欧莱雅集团继承人、法国的利莉亚娜·贝当古和媒体大亨奥普拉·温弗里，但亚洲表现出了最令人瞩目的第一代创业女性的增加。报告称：“富豪群体已经没那么像西方，而是更像总的全世界人口——更多女性并且更加多元。”
　　报道称，总的来说，亿万富豪的人数自1995年第一次亿万富豪调查以来不断增加。然而，在1995年的亿万富豪中仅有126人、即44%如今仍然拥有亿万资产。（编译/李莎）






进入【新浪财经股吧】讨论
"
日本将增收消费税 中国游客还能去“买买买”吗,,"
		    2015年12月21日16:39 
 
无界新闻



      ","
		    2015年12月21日16:39 
 
无界新闻



      ","









　　无界新闻特约撰稿 冀浩然
　　近日，日本联合执政的自民党和公明党宣布将从2017年起实行新的消费税率，税率由目前的8%提升至10%，只有生鲜食品和报纸被列入“轻减税率”种类，仍然维持既有税率。这是安倍政权时隔仅一年多后第二次调整消费税，即将行使的税率将达日本历史最高水平。
　　对于在东京银座、新宿、池袋的一些大商场流连购物的中国游客来说，他们对日本消费税率将上调并不感冒。“退税不会影响啊”，“还是会便宜啊”，这样的观点仍然是中国游客的主流观念。
　　其实不然。
　　日本经济目前面临的主要问题，依然是国内消费不足。当然，这个不足都已经持续20多年了。安倍政权采取的刺激经济的方式无外乎是两个大方向：一是日元贬值迫使日本国民放弃储蓄，同时吸引外国游客；二是借日元贬值推动房地产、股票等投机交易，使这方面的投资出现了畸形的快速增长。
　　在“安倍经济学”指导下，日本的实体经济停滞，虚拟经济增长。而这对于缓解政府债务问题并无多大帮助——因为税收的主要来源是实体经济。因此，安倍政府不得不每年发行大量公债，导致债务水平依然越来越高（日本政府债务占GDP的比重是发达国家中最高的）。安倍在海外“乱撒钱”的政策，更是逼迫日本政府必须想办法增加税收，但是又不能对实体经济加收太多——因为实体经济的数据本来就够难看了。
　　于是，神奇的一幕出现了——日本政府一边给实体经济尤其是大企业减税，一减再减；一边却是不停提升消费税、个人所得税等税率，一加再加。由于实体经济没有起色，普通日本人的收入并没有增加，而更多的税负却实实在在压在了他们的肩头。
　　像中国游客这种在日本人看来是“行走的摇钱树”的消费者，不光是商贸企业，政府也是紧盯着他们的钱袋。
　　不过，日本政府不会仅把税负重担扔在日本人头上。十年来，外国游客在日本的消费翻了好几番。尤其在最近两三年，中国游客的消费更是大城市旅游业的核心业务之一。像中国游客这种在日本人看来是“行走的摇钱树”的消费者，不光是商贸企业，政府也是紧盯着他们的钱袋。
　　2012年之前，日本的退、减税手续时比较便捷，很多商场直接在柜台上就完成了退税过程。近些年来，日本税务部门（包括国税和地税）加强税务管理，只有在经批准过的大型商场才有直接退税程序优待。而在其他地方购买的商品，必须在特定免税事务退税窗口完成。退税的手续也是越来越复杂，游客必须小心保留所有购物小票，还得好声好气地求着工作人员办理业务。
　　很多中国旅行社的廉价赴日旅游团，几乎都把购物放在了行程首位。而这些旅游团的购物目的地商场，很多都是不具有直接免税资格的小商场。这些商场的存在，早在2013年就被日本媒体曝光，但日本政府和各个地方政府，对这些事情一直是睁一只眼闭一只眼。
　　通过复杂化的退税手续，使得希望退税的中国或其他国家游客“知难而退”；或者通过其他手段让他们觉得“即使没有享受退税也还是很便宜”、“退税什么的那点小钱不重要”，外国游客们就给日本政府上缴了本来他们可以免掉的税金。日本的税务机关和商贸企业，就是通过这样的免税程序设计，来收割外国游客尤其是中国游客的消费钱款。尽管这一次消费税的提升规定了“轻减税率”，但是生鲜食品和报纸根本不可能是外国游客的购物重点。一年之后，外国游客也要一样和日本人承担消费税上涨的担子。
　　安倍政府时期，日本社会民粹化的特征越来越明显——只关注短期利益，而忽视未来风险。民众得过且过，经济上忽视实体经济，政策上缺少长远规划。消费税即为此。如果日本经济仍无起色，只靠消费税解决财政危机，需要把税率提高到多少呢——答案是35%！这无疑是一个惊人的数值。尽管日本政府实行如此高的消费税率的可能性并不大，但外国游客在日消费成本上升恐怕将是一个趋势。
　　另外，日本人究竟对于外国游客持什么态度呢？并不是很好，尤其是对中国游客。不过，长年以来日本服务业和社会整体的严格要求，使得日本人不会在公开场合表现出他们对某些国家游客的不满。作为中国游客，第一次接触日本服务行业的时候，很容易认为日本人对外国游客很友好。其实，这是一个认识误区。日本人对外国人的态度是“保持距离感”，服务业的微笑只不过是一种看起来温柔实际上冷漠的机械化动作而已。
　　消费税亦是如此。日本政府“骗”外国人替日本人交消费税，尽管从法律上讲存在巨大争议，但是这种事情曝光开来，并不会有多少日本人表示同情——“既然这些外国人傻乎乎地来了，那么被骗也是必然的，何况这些店又不违法。”如今的秋叶原、池袋、上野、浅草等中国游客热衷的购物地区，与三四年前相比商业环境已经大为改变，各种专门坑中国游客钱的商店鳞次栉比。日本服务业的道德素质正面临着滑坡的风险。
　　对于热衷于“买买买”的中国游客来说，当前的日本还算是一个不错的旅游目的地。然而，在不远的未来，或许就不太适合不熟悉日本国情的一般观光客了。







进入【新浪财经股吧】讨论
"
家族内斗扰乱韩国乐天集团重组计划,,"
		    2015年12月21日11:31 
 
综合



      ","
		    2015年12月21日11:31 
 
综合



      ","









　　推动实现韩国史上最大规模股票发行的努力现在遇阻，这打乱了韩国最具影响力企业之一的重组计划。
　　上述所指的股票发行是乐天酒店（Hotel Lotte Co.）的首次公开募股（IPO）。乐天酒店是旗下拥有81家公司的乐天集团（Lotte Group）的核心成员，乐天集团去年总收入81万亿韩圆（合690亿美元），经营范围涵盖化工、食品、百货和快餐等，业务多集中在韩国和日本。
　　乐天集团高管称，乐天酒店IPO可筹资至少50亿美元，将刷新韩国IPO募资纪录。此外，IPO还会简化乐天集团的企业结构，理清盘根错节的交叉持股，从而在治理上进一步向西方企业靠拢。乐天集团的交叉持股让局外人和投资者很难搞清楚究竟谁是集团的控股股东。
　　乐天酒店已聘请美银美林（outsiders and investors）和花旗集团（Citigroup）处理新股发行事宜，最早可能本周提交申请，打算明年登陆韩国证券期货交易所（Korea Exchange）。
　　然而乐天集团的重组方案却卷入了一场继承权的苦斗之中，斗争双方是乐天集团93岁创始人的两个儿子。其中，反对乐天酒店IPO的儿子今年夏天被其兄弟排除在继承人名单之外。此外，前者还针对乐天集团旗下多家公司的管理层提起诉讼，试图重新夺回权力。
　　乐天酒店本来在自家123层高的首尔乐天世界大厦（Lotte World Tower）经营一家颇赚钱的免税店，但上个月韩国政府拒绝为其更新运营许可证。一些观察人士认为，这是对乐天饱受韩国民众诟病的家族内斗行为的一种指责。许可证一事令分析师们把对乐天酒店业务的估值削减了大约10%。乐天酒店有大约83%的收入来自于各个免税店。
　　公司高管和银行业人士表示，乐天酒店的IPO仍在进行中。12月初，乐天酒店总裁兼首席执行长Song Yong-dok在接受采访时说，对于乐天集团而言，提高透明度是很重要的。
　　但种种波折可能拖累重组速度并挤压乐天集团现金。目前该公司正在寻求资金进行全球扩张，同时购买股票、缴纳税赋以及厘清错综复杂的持股关系也要用到资金。
　　乐天现象凸显出韩国在管理家族式财阀企业时所面临的困难。韩国最大的五个家族式财阀企业（乐天集团排名第五）占据了韩国股市总市值的近半壁江山；最大的10个财阀企业贡献了韩国经济总产出的大约四分之三。
　　多数财阀由家族通过交叉持股的不透明网络来进行把控。在利益面前，继承人花招不断，甚至不惜触犯法律。公众的愤怒呼声日益高涨，要求对财阀企业进行现代化改革、抑制家族势力。
　　韩国政府一直在推动财阀企业精简结构、减少交叉持股，也取得了一些成就。今年夏天早些时候，三星集团（Samsung Group）将旗下实际控股公司与一个重要关联企业合并在了一起。
　　来源：华尔街日报






进入【新浪财经股吧】讨论
"
人民币创4年新低之后：野村称仍存在高估,,"新浪财经 微博
",2015年12月11日 16:48, 　　新浪美股讯 北京时间11日下午消息，周五人民币对美元汇率创4年多新低，由于经济放缓和大规模资本流出，中国央行[微博]稳步下调人民币中间价。不过国际投行野村(Nomura)认为人民币依然被高估。　　截至北京时间14点56分，人民币汇率跌至6.4509，创2011年8月份以来新低。周五早些时候，中国央行将中间价设为6.4358，创4年半新低，较周四中间价下跌0.2%。　　野村分析师Craig Chan表示，中国央行持续下调中间价的举动与此前反复重申的汇率形成机制市场化改革是相一致的。　　他指出：“中国央行并没有对市场做太多干预。”他相信，现在人民币之所以被允许贬值，是因为8月份汇改一度引发人们对欠外债企业偿债能力的担忧，而这几个月中国央行的数据显示出现大量对冲活动，对外债的担忧有所缓和。　　即便在最近持续贬值之后，“我们的观点是人民币依然被高估。他们想要让人民币更接近公允价值，我们认为大约在6.8左右，”Chan指出。他预计人民币将在2016年底到达这一位置。　　增长疲软和资本流出是最近几周人民币持续贬值的主要原因。　　3季度中国经济增速降至6.9%，为金融危机以来首次“破七”，引发人们对中国经济硬着陆的担忧。　　根据凯投宏观(Capital Economics)经济学家Julian Evans-Pritchard估算，11月份中国净资本流出达到1130亿美元。(Tony 编译)
汇丰：人民币不会加入“贬值竞赛”,,"新浪财经 微博
",2015年12月10日 17:40, 　　新浪美股讯 北京时间10日下午消息，周四人民币兑美元中间价报6.4236，继续创2011年8月以来新低，连续四天调降。　　截至北京时间下午15点55分，在岸人民币下跌大约0.4%至6.4413，而离岸人民币已经跌破6.5大关，报6.5153，下跌0.25%。在岸与离岸人民币汇差达到740基点。　　分析师指出，在人民币加入IMF[微博]特别提款权(SDR)货币篮子之后，中国央行[微博]对汇率采取了放任自流的态度。　　不过，中国可能并没有加入竞争性货币贬值。汇丰银行(HSBC)分析师Paul Mackel指出，中国央行可能只是想“在下周联储加息之前，将人民币积压的贬值压力释放出来”。汇丰指出，中国央行已窗口指导机构暂停申请新的人民币合格境内机构投资者(RQDII)相关业务，强化了资本管制。　　更不看好人民币的法兴银行(Societe Generale)则显得更为担忧。　　法兴报告指出：“进一步的人民币贬值可能引发货币战争，无论是直接触发政策制定者采取行动，还是间接引发投资者做空亚洲货币。这些因素可能导致整体新兴市场货币陷入动荡。”　　法兴分析师Jason Daw周二曾经指出，如果人民币中间价跌破8月27日美元兑人民币的高点，“可能迅速给市场行为造成一种群体效应，激发人民币进一步贬值的预期”。现在这一位置已经被跌破，人民币的确出现加速贬值态势。　　法兴银行预计人民币2016年底将贬至6.80，意味着美元兑人民币将从当前位置继续上涨约5.6%。(Tony 编译)
高盛：日本央行将推迟扩大宽松,,"新浪财经 微博
",2015年12月10日 14:57,日本央行行长黑田东彦　　新浪美股讯 北京时间10日下午消息，即便日本多头高盛(Goldman Sachs)现在也承认日本央行[微博]不会立即扩大货币宽松。　　高盛现在预计日本央行将在明年4月会议采取行动，此前预计为明年1月。　　高盛经济学家Naohiko Baba指出，日本央行现在转为关注确认经济现状的指标，而非前瞻性的数据，使得预测日本央行的行动“越来越难”。现在日本央行关注剔除食品和能源的核心通胀数据。　　在分析了日本11月份的核心通胀数据和2季度资本支出数据之后，高盛决定将日本央行宽松的预测时间延后。　　Baba在报告中写道：“11月份东京核心CPI通胀率(领先指标)从10月份的0.4%升至0.6%，超出我们的预期。我们此前预计维持不变。12月1日公布的财政部企业数据显示，资本支出大幅上升，大大高于市场预期。”　　为了预测日本央行的行动，需要密切关注2016年2月初开始的“春斗”(shunto)工资谈判。不过在这个问题上高盛基本选择了投降，称“工资谈判的结果像以前一样无法预测”。　　周三日元暴涨1.2%，而美元指数大跌1.1%。周四日元基本保住了前一天的战果，仅微跌0.04%。周四日经225指数收盘下跌1.32%。　　高盛与摩根士丹利(Morgan Stanley)就日本股市的争论必然要持续到明年。高盛看多日本股市，而摩根士丹利3年多来首次削减了对日本股市的敞口。摩根士丹利的理由是日本央行明年不会扩大宽松，日元将升值到115。(Tony 编译)
人民币中间价创4年新低 机构称开启慢贬之路,,"新浪财经 微博
",2015年12月09日 16:43, 　　新浪美股讯 北京时间9日下午消息，周三中国央行[微博]将人民币中间价从周二的6.4078下调至6.414，创2011年8月份以来新低。由于大规模资本流出以及经济增速放缓，人民币面临进一步贬值压力。　　不过现在并不清楚人民币中间价创4年新低是否算大举动。截至北京时间15点02分，美元兑人民币上涨0.17%，报6.4271。　　凯投宏观(Capital Economics)中国经济学家Julian Evans-Pritchard表示：“除非今天的中间价与昨天的收盘存在巨大价差，我认为我们不应该对这一数字做过分解读。”　　周三中间价的跌幅只有0.1%，略微低于周二的0.15%和周一的0.2%。相比之下，8月11日，中国央行为改革中间价形成机制，当天中间价下调1.86%。　　Evans-Pritchard在接受CNBC电话采访时指出，现在人民币中间价按理说是以做市商的报价为基础，中国央行不再对其实施直接控制。　　本周早些时候，Evans-Pritchard在报告中估算11月份中国净资本流出达到1130亿美元，创出历史记录。10月份资本流出为370亿美元。　　观察家指出，资本外流反映出人民币进一步贬值的预期，而周三的行动可能暗示中国央行部分认可了人民币的下跌。　　Evans-Pritchard表示：“问题在于，中国央行似乎不愿让人民币大幅贬值，因为这将会损害人民币的国际化以及中国经济向消费转型。折中的做法是允许部分贬值，但仍在抛售资产阻止汇率过快贬值。”　　法兴银行(Societe Generale)亚洲外汇策略主管Jason Daw也认为周三中间价创4年新低只是人民币缓慢贬值的一部分。　　但由于周三的中间价低于8月份的水平，“它可能强化市场对人民币进一步贬值的预期。市场将把中间价解读为中国央行认可人民币进一步贬值，”Daw说道。　　他预计明年年底美元兑人民币将升至6.80。　　周三公布的数据显示，11月份中国生产者价格指数(PPI)同比下滑5.9%，与市场预期一致。11月份消费者价格指数(CPI)同比上涨1.5%。　　PNC Financial Services高级国际经济学家Bill Adams表示：“可贸易产品价格的全面下跌让中国政府面临允许人民币大幅贬值的压力，因为人民币贬值可以给以人民币计价的可贸易商品和产成品带来上行压力，从而缓和通缩风险。人民币贬值有可能在2016年得到加速。”(Tony 编译)
金属大屠杀：澳大利亚原材料板块创10年新低,,"新浪财经 微博
",2015年12月08日 17:39, 　　新浪美股讯 北京时间8日下午消息，周二澳大利亚股指ASX200收盘下跌0.9%，但这一跌幅掩盖了矿业和能源板块中一些大型企业所遭遇的血洗。　　随着油价跌至7年新低以及基本金属价格持续下滑，曾经风靡一时的矿业板块市值大规模蒸发。　　澳大利亚原材料板块创2005年以来新低，能源股整体一天下跌超过6%。图 澳大利亚原材料板块　　澳大利亚股指ASX 200收于5108点，创3个月新低。　　全球最大矿业公司必和必拓(BHP Billiton)跌至10年新低，并跌破关键支撑位18澳元。由于稳定的派息，必和必拓一直受到养老金和普通散户的青睐。　　截至收盘，必和必拓下跌5.2%至17.05澳元，而4周前股价还是24.90澳元。　　其他矿业公司也遭遇重创，力拓(Rio Tinto)下跌4.3%，从必和必拓剥离出来的South32下跌8%。　　Fortescue Metals下跌3%，较2008年6月顶部已经下跌86.5%。　　自从上个月在巴西的铁矿石合资公司Samarco发生泥石流矿难以来，必和必拓股价一直受到压力，分析师预计矿难将造成必和必拓利润下降4%。必和必拓还必须对12名死难者以及对当地村庄的毁坏和河流系统的污染支付高额赔偿金。(Tony 编译)
法兴：人民币汇率来到关键位置,,"新浪财经 微博
",2015年12月08日 14:46, 　　新浪美股讯 北京时间8日下午消息，随着美元走强、原油和铁矿石等大宗商品价格暴跌，新兴市场货币面临强大贬值压力，其中人民币汇率的持续贬值尤其引起关注。　　继昨日人民币汇率跌至近3个月来低点后，人民币对美元中间价8日继续下跌，报6.4078，跌破“6.4”的市场心理关口。　　周二下午盘中，美元兑人民币(USD/CNY)上涨148基点至6.4228，距离8月份汇改所创出的高点6.4491仅一步之遥，只差0.4%的幅度。美元对离岸人民币(USD/CNH)上涨160基点至6.4891，较在岸人民币存在价差，反映出贬值压力。　　法兴银行(Societe Generale)分析师Jason Daw指出，如果人民币中间价跌破8月27日美元兑人民币的高点(今天已经非常接近)，“可能迅速给市场行为造成一种群体效应，激发人民币进一步贬值的预期”。　　法兴银行预计人民币2016年底将贬至6.80，意味着美元兑人民币将从当前位置继续上涨近6%。　　法兴银行认为，亚洲新兴市场货币主要与外国投资组合资本流向相关。　　“新兴市场的净资本流入在2011年见顶。这与新兴市场货币见顶以及过去4年逐步下滑是相一致的。除非资本重新流向新兴市场，其货币还将继续贬值。最近形势不容乐观，尤其是股市的走势。在3季度大规模流出之后，外国投资者10月份买入亚洲股票，但11月份又抛售了60%。在12月前几天，外国投资者依然是净卖出者，”法兴报告写道。　　换句话说，亚洲新兴市场的货币还将进一步贬值。　　就人民币而言，上个月高盛(Goldman Sachs)在其2016年新兴市场前瞻中将人民币贬值视为首要风险。　　高盛在报告中写道：“由于增速不断下降，中国对于通过紧钉美元让人民币贸易加权汇率进一步大幅升值的兴趣不大，尤其考虑到人民币升值将降低政策制定者放松金融环境的能力。因此，结合美元升值以及中国增长减速，中国对人民币的管理方式可能会发生转变，接下来可能还会进一步贬值。在我们看来，这一转变所造成的波及效应是2016年整体新兴市场货币面临的主要风险。”(Tony 编译)
高盛：亚洲股市明年回报仅5% 下调中国评级,,"新浪财经 微博
",2015年12月04日 16:08, 　　新浪美股讯 北京时间4日下午消息，高盛(Goldman Sachs)预计亚洲新兴市场股市明年的回报率将非常有限，以美元计价仅5%。　　高盛警告称，联储收紧货币政策以及中国宏观数据明年一季度走软将给亚洲股市带来冲击。高盛预计亚洲新兴市场上市公司明年只能实现5%左右的利润增速，估值变化不大，整体货币贬值幅度约5%。　　对于2016年的投资组合配置，高盛提出的主题是“增长背离”(growth divergence)。高盛预计中国明年GDP增速将从今年的6.9%进一步降至6.4%，而印度、印尼和菲律宾经济将会加速增长。　　因此，高盛将中国股市和台湾地区股市评级下调至中性，将韩国和香港地区股市评级下调至低配。台湾地区、韩国和香港地区被认为最容易受到中国经济放缓的影响。与此同时，高盛将印尼和菲律宾股市评级上调至超配，继续维持对印度股市的超配评级。　　从板块权重方面，也可以看出高盛的谨慎。高盛将必需消费品板块上调至超配，“因为它在整个地区增长疲软的大背景下能够提供稳定和有质量的增长”；将运输板块和银行板块下调至中性。高盛尤其担忧中国和澳大利亚的银行。　　与高盛形成对照，瑞士信贷(Credit Suisse)对2016年的亚洲股市表示乐观。　　瑞信指出，虽然人们担心联储进入加息周期可能引发新一轮亚洲危机，但从历史来看，亚洲股市在1994年和2004年联储首次加息之前出现回调，但在首次加息之后的6个月内分别上涨22%和37%。其次，亚洲股市已经变得非常便宜，MSCI除日本外亚洲指数目前市净率仅1.37倍，为2007-08年全球金融危机以来最低水平。　　此外，亚洲股市的股权回报率(ROE)似乎将在11%左右的水平筑底回升，瑞信报告称。(Tony 编译)
高盛：中国减产外国扩产 铜价难上涨,,"新浪财经 微博
",2015年12月02日 11:25, 　　新浪美股讯 北京时间2日上午消息，受中国铜企减产及此前预期的影响，最近铜价小幅反弹，不过高盛(Goldman Sachs)预计国外产商将会趁机增产，而中国需求将继续疲软。　　作为全球最大的精炼铜生产国，中国铜冶炼企业同意明年减产35万吨。根据国家统计局数据，本次减产规模相当于中国2014年铜总产量的4.4%左右，而中国占到全球精炼铜供应量的24%。由于中国经济增长减速削弱了原材料需求，铜价今年已下挫27%。　　不过就在中国减产的同时，国外产商却在扩大产出。必和必拓(BHP Billiton)周二将2016财年铜产量预期从150万吨提高到155万吨，并重申2017财年170万吨的预测。　　尽管必和必拓的增产幅度相比中国减产的规模非常小，但它反映出国际矿业公司非常乐意增产，因为美元升值降低了它们的生产成本。　　高盛分析师Eugene King在报告中指出：“继续削减成本、加上生产国货币贬值，应该可以让成本曲线进一步走平，降低边际生产成本，从而导致价格进一步下跌。”　　高盛认为中国的铜需求将继续疲软。根据高盛的估算，中国对铜的需求超过60%都与房地产行业有关，而中国房地产市场仍受到三四线城市供应过度的压制。(Tony 编译)
离岸人民币创盘中新低 大跌230基点,,"新浪财经 微博
",2015年12月01日 16:57, 　　新浪美股讯 北京时间1日下午消息，周二凌晨国际货币基金组织[微博](IMF[微博])宣布将人民币纳入特别提款权(SDR)货币篮子，离岸人民币重现贬值压力，截至北京时间16点50分，美元兑离岸人民币(USD/CNH)上涨0.36%或230基点，报6.4468。　　离岸人民币当前报价创出周二盘中新低，也抹去了周一绝大部分涨幅。　　周一，在人民币“入篮”前夕，离岸人民币大幅攀升，创一个月最大涨幅，使得离岸和在岸汇率差价大幅收窄，交易员怀疑央行[微博]在离岸市场进行干预。　　周二凌晨1点，IMF宣布正式将人民币纳入SDR货币篮，决议将于2016年10月1日生效。人民币历史性地成为首个被纳入SDR的新兴市场货币。　　IMF指出，人民币纳入SDR是一个重要里程碑，人民币被纳入SDR是对中国改革进程的认可，IMF称期望中国帮助促进SDR的应用；IMF认为人民币已达到“自由使用”标准。　　不少机构认为，人民币加入SDR之后贬值压力可能上升，因为随着联储开始加息，中国当局可能失去支撑人民币币值的动力。　　高盛(Goldman Sachs)在其2016年新兴市场前瞻中将人民币贬值列为首要风险。　　高盛在报告中指出：“由于增速不断下降，中国对于通过紧钉美元让人民币贸易加权汇率进一步大幅升值的兴趣不大，尤其考虑到人民币升值将降低政策制定者放松金融环境的能力。因此，结合美元升值以及中国增长减速，中国对人民币的管理方式可能会发生转变，接下来可能还会进一步贬值。在我们看来，这一转变所造成的波及效应是2016年整体新兴市场货币面临的主要风险。”　　美银美林(Bank of America Merrill Lynch)也预计明年年底人美元兑人民币将升至7.00。　　不过中国央行周二否认了这种观点，央行副行长易纲在吹风会上表示，加入SDR不是一劳永逸，以后中国的金融改革开放不会变慢。金改措施和步伐按照既定方针进行。人民币加入SDR就会贬值的担心大可不必，之后基本汇率制度不会改变。(Tony 编译)
亚洲11月制造业PMI令人失望,,"新浪财经 微博
",2015年12月01日 15:38, 　　新浪美股讯 北京时间1日下午消息，今天Markit公布的亚洲一系列国家和地区11月PMI数据显示，亚洲地区的制造业继续处于放缓状态，一些东南亚国家甚至显著恶化。　　中国的11月份财新制造业PMI为48.6，略微高于10月份48.3的水平。汇丰(HSBC)经济学家Julia Wang称主要原因是“外部需求回升”。不过11月份官方制造业PMI跌至49.8，创3年新低。财新PMI主要调查对象为中小企业，而官方PMI主要为大型国企，前者更容易受外部需求影响。　　韩国11月份制造业PMI维持在49.1不变，不过台湾地区PMI从10月份的47.8升至49.5，为8个月来最高水平。尽管如此，韩国和台湾地区PMI也低于50的荣枯分水岭，意味着制造业仍处于收缩状态。　　相比之下，东南亚情况比较糟糕。马来西亚11月份制造业PMI从48.1降至47，创2012年7月有数据以来的新低。越南PMI从上个月的50.1降至49.4，跌入收缩区域。印尼PMI降至46.9，创7个月新低。　　唯一制造业处于扩张状态的是作为发达市场的日本。日本11月制造业PMI从52.4升至52.6。Markit经济学家Amy Brownbill表示：“产出增速升至20个月最高水平，新订单大幅上升，后者主要受国际需求上升所推动。”(Tony 编译)
瑞信：亚洲股市2016年有望表现出色,,"新浪财经 微博
",2015年12月01日 13:43, 　　新浪美股讯 北京时间1日下午消息，近几年亚洲股市表现糟糕，2014年MSCI除日本外亚洲指数仅上涨1%，而今年迄今下跌10%。不过瑞士信贷(Credit Suisse)认为2016年情况将大为改观。　　虽然人们担心联储进入加息周期可能引发新一轮亚洲危机，就像1997-98年那样，但瑞信策略师Sakthi Siva和Kin Nang Chik的分析显示，从历史来看，亚洲股市在1994年和2004年联储首次加息之前出现回调，但在首次加息之后的6个月内分别上涨22%和37%。　　其次，亚洲股市已经变得非常便宜。到底有多便宜呢？瑞信分析显示，MSCI除日本外亚洲指数目前市净率仅1.37倍，为2007-08年全球金融危机以来最低水平。　　第三，亚洲股市的股权回报率(ROE)似乎将在11%左右的水平筑底回升。　　瑞信建议投资者超配估值最低的4个亚洲市场：韩国、MSCI中国指数、台湾地区和新加坡。　　其他机构对明年的新兴市场也表示乐观。高盛新兴市场研究主管Kamakshya Trivedi及其团队认为，随着经济增长加速和货币贬值帮助缓解经济中的失衡，“2016年可能是新兴市场资产见底并重新找回上涨动力之年“。　　高盛预计，新兴市场2016年经济增速为4.9%，高于预估中今年的4.4%，使得2016年成为新兴市场经济2010年以来的次加速增长。尽管这一增速仍然低于长期趋势，增长的改善仍然有助于提振投资者信心，尤其是在当前“悲观预期遍布”的背景下。　　瑞银(UBS)全球新兴市场策略部负责人Geoffrey Dennis也表示：“我们对明年的市场变得稍微乐观一点。投资者将获得比今年好一些的收益，总体而言，新兴市场经济增速明年会略有回升。”他侧重于中国、印度和俄罗斯股市。(Tony 编译)
入篮首日：离岸人民币贬值140基点,,"新浪财经 微博
",2015年12月01日 11:24, 　　新浪美股讯 北京时间1日上午消息，周二凌晨国际货币基金组织[微博](IMF[微博])宣布将人民币纳入特别提款权(SDR)货币篮子，上午离岸人民币重现贬值压力，截至北京时间11点17分，美元兑离岸人民币(USD/CNH)上涨0.22%或140基点，报6.4387。　　美元兑离岸人民币早盘最高曾涨到6.4460，涨幅超过200基点。　　周一，在人民币“入篮”前夕，离岸人民币大幅攀升，创一个月最大涨幅，使得离岸和在岸汇率差价大幅收窄，交易员怀疑央行[微博]在离岸市场进行干预。　　周二凌晨1点，IMF宣布正式将人民币纳入SDR货币篮，决议将于2016年10月1日生效。人民币历史性地成为首个被纳入SDR的新兴市场货币。　　IMF指出，人民币纳入SDR是一个重要里程碑，人民币被纳入SDR是对中国改革进程的认可，IMF称期望中国帮助促进SDR的应用；IMF认为人民币已达到“自由使用”标准。　　不少机构认为，人民币加入SDR之后贬值压力可能上升，因为随着联储开始加息，中国当局可能失去支撑人民币币值的动力。　　高盛(Goldman Sachs)在其2016年新兴市场前瞻中将人民币贬值列为首要风险。　　高盛在报告中指出：“由于增速不断下降，中国对于通过紧钉美元让人民币贸易加权汇率进一步大幅升值的兴趣不大，尤其考虑到人民币升值将降低政策制定者放松金融环境的能力。因此，结合美元升值以及中国增长减速，中国对人民币的管理方式可能会发生转变，接下来可能还会进一步贬值。在我们看来，这一转变所造成的波及效应是2016年整体新兴市场货币面临的主要风险。”　　美银美林(Bank of America Merrill Lynch)也预计明年年底人美元兑人民币将升至7.00。　　不过中国央行周二否认了这种观点，央行副行长易纲在吹风会上表示，加入SDR不是一劳永逸，以后中国的金融改革开放不会变慢。金改措施和步伐按照既定方针进行。人民币加入SDR就会贬值的担心大可不必，之后基本汇率制度不会改变。(Tony 编译)
法兴：中国供应端产能重整成本或达万亿,,"新浪财经 微博
",2015年11月30日 16:36, 　　新浪美股讯 北京时间30日下午消息，“供应端改革”正成为中国经济政策的最热词汇，法国兴业银行(Societe Generale)中国经济学家姚炜认为这标志着一个重大变化，因为过去中国一直关注总需求端的3个领域：消费、投资和出口。　　法兴在上周五的报告中指出，产能重整(capacity consolidation)是解决中国大部分迫在眉睫的经济问题的关键，比如资本配置不当、即将到来的坏账上升、劳动生产率下降。　　法兴对于中国政府明确提出供应端改革感到鼓舞，认为这种“迫切感”是对今年一些负面进展的回应。这些进展包括A股大幅下跌、出口锐减、人民币贬值以及新一轮刺激措施等。　　姚炜在报告中对中国产能重整的进程做出了分析和构想，预计总成本可能需要1万亿人民币，需要裁员170万人。　　“(重整)项目可能从最不景气的行业开始，最明显的就是煤炭采掘、黑色金属采掘和黑色金属制造，”法兴报告写道。　　根据法兴的统计，这3个行业的国企总共负债5万亿人民币，雇员860万人。法兴表示：“假如国企去产能的目标是20%，那么有可能造成1万亿人民币的坏账，170万工人可能被下岗，相当于银行贷款的2%和城市就业的0.3%。”　　为解决就业和坏账问题，法兴预计政府需要提供3250亿元的财政支持，如果按照5年分摊的话，大约每年750亿元。　　法兴相信，如果初始重整项目进展顺利，当局可能会将范围扩大到其他行业，“处困行业总的重组成本可能达到1万亿”。　　姚炜在报告中写道：“重组项目可能会进展非常缓慢，但随着当局将注意力从需求转向供给，中国的宏观经济管理可能正在发生重大变化。”在她看来，如果任何项目能够加快产能重整的进程，对中国的经济前景将构成明确的利好。(Tony 编译)
加入SDR在即 离岸人民币大贬200基点,,"新浪财经 微博
",2015年11月27日 17:39, 　　新浪美股讯 北京时间27日下午消息，周五傍晚离岸人民币大幅贬值逾200基点，截至北京时间17点26分，美元兑离岸人民币(USDCNH)上涨0.32%或205基点，报6.454。　　下周一(11月30日)IMF[微博]将决定是否将人民币纳入其特别提款权(SDR)货币篮子。由于此前IMF工作人员发表支持人民币入篮的报告，IMF总裁拉加德[微博]也发表积极评论，绝大部分经济学家都预计人民币月底将进入SDR。　　不过，不少机构认为，人民币加入SDR之后贬值压力可能上升，因为随着联储开始加息，中国当局可能失去支撑人民币币值的动力。　　高盛(Goldman Sachs)在其2016年新兴市场前瞻中将人民币贬值列为首要风险。　　高盛在报告中指出：“由于增速不断下降，中国对于通过紧钉美元让人民币贸易加权汇率进一步大幅升值的兴趣不大，尤其考虑到人民币升值将降低政策制定者放松金融环境的能力。因此，结合美元升值以及中国增长减速，中国对人民币的管理方式可能会发生转变，接下来可能还会进一步贬值。在我们看来，这一转变所造成的波及效应是2016年整体新兴市场货币面临的主要风险。”　　美银美林(Bank of America Merrill Lynch)也预计明年年底人美元兑人民币将升至7.00。　　美银美林策略师David Woo表示：“我们认为2016年人民币兑美元将下跌高达10%。”　　他指出，长期以来人民币紧盯美元的做法迫使中国“进口”美国货币政策，自从美国2009年推出量化宽松政策以来，中国继续大举借债，2007年以来债务水平已经翻了两番。公司债务占GDP的比例超过120%、企业盈利恶化、实际利率过高，这意味着中国将面临进一步降息的压力，从而对人民币构成利空，Woo如是称。(Tony 编译)
高盛：中国收储对金属“顶多是短期利好”,,"新浪财经 微博
",2015年11月27日 16:08, 　　新浪美股讯 北京时间27日下午消息，周四，有关中国调查恶意做空、收储金属的传言带动铜、铝、锌等金属价格大幅飙升，周五沪铝继续大涨3.6%，沪铜上涨1%。不过高盛(Goldman Sachs)认为，这只能带来金属价格短暂的反弹。　　周四，据外媒报道，中国监管机构正在考虑对中国有色金属市场是否存在“恶意”做空进行调查。中国有色金属工业协会近期提出这一请求，监管机构目前已开始收集近期交易记录信息。　　报道还指出，中国有色金属工业协会周一向发改委提议，要求政府买入铝、镍，以及钴、铟等稀有金属，以消化过剩产量。这是2009年以来第一次联合行动。据了解，有色金属协会建议国家买入90万吨的铝、3万吨精炼镍、40吨铟以及40万吨锌。　　高盛分析师认为此举“顶多是短期利好”。　　高盛在报告中写到：“在我们看来，中国收储金属或调查做空行为顶多只能对金属价格带来短暂支撑，可能在未来一个月带来做空或产商套保机会。的确，最终这些措施都是为了支撑就业，同时也会支撑中国金属产出，从而最终对价格构成利空。”　　高盛指出，这些进展说明中国政府对于金属价格下跌对金属及相关行业利润率和就业的冲击感到担忧。　　“更重要的是，政府可能通过提供补贴或降低电价、低成本贷款的方式来支撑就业。这种做法对金属价格将带来负面影响，”高盛在报告中写到。(Tony 编译)
印度能否终结铁矿石市场的超级熊市？,,"新浪财经 微博
",2015年11月27日 14:37, 　　新浪美股讯 北京时间27日下午消息，随着印度正在积极寻求成为制造业大国、大幅提升其落后的基础设施，这个亚洲第三大经济体有可能成为铁矿石需求的亮点。　　普氏能源(Platts)副编辑主任Annalisa Jeffries表示：“印度正成为一个替代买家，对钢材和铁矿石需求不断上升。因此这可能是一个需要关注的地区。”　　印度的潜在增速可能为四面楚歌的铁矿石市场带来期待已久的推动力，帮助它走出漫长的熊市。　　本周铁矿石价格大跌至每吨43.4吨，主要原因是必和必拓(BHP Billiton)和淡水河谷(Vale)等低成本产商继续扩大产出，而中国作为全球最大的铁矿石进口国需求不断下降。　　然而最悲观的时刻还没有到来。评级机构惠誉(Fitch Ratings)预计明年铁矿石新增供应将达到1.45亿吨，而投行Jeffries警告，基于中国钢铁厂和贸易商的悲观情绪，明年铁矿石价格可能跌破40美元。　　目前英国的Vedanta Resources是印度唯一一家国外大型铁矿石产商，不过Jeffries预计其他重量级产商也将逐步把重心转移到印度。　　“这一趋势的出现非常有意思。回想2008-2010年，印度还是铁矿石的出口大国，现在彻底逆转了，”Jeffries指出。　　印度铁矿石进口已经开始上升，在2014-15财年，进口量达到创纪录的1500万公吨。2011年印度禁止在矿藏丰富的3个州Karnataka、Odisha和Goa开采，造成严重供应短缺，为进口铁矿石铺平了道路。尽管后来废除了禁令，但对产出设定了上限，应该可以进一步支撑进口增长。　　印度总理莫迪决定将基础设施支出提高两倍，惠誉预计2015年印度钢材需求将上升7-8%。　　Fat Prophets资源分析师David Lennox表示：“我们可以将印度视为铁矿石需求的新推动力。印度有可能重现中国过去10年的增长轨迹。”　　不过，他警告称，由于印度保护本国钢铁产商的一系列保护主义措施，印度不可能很快取代中国成为第一大铁矿石消费国。况且，印度能否复制中国过去20年的增长模式还需拭目以待。(Tony 编译)
新兴市场教父：中国经济前景非常光明,,"新浪财经 微博
",2015年11月27日 11:18, 　　新浪美股讯 北京时间27日上午消息，尽管中国经济增速放缓，“新兴市场教父”、邓普顿新兴市场集团执行主席麦朴思(Mark Mobius)相信中国经济前景依然光明，中国的新兴产业和服务业值得期待。　　作为大宗商品的主要进口和消费国，中国经济增速放缓正在对全球大宗商品价格以及大宗商品出口国造成广泛的冲击，并引发普遍的悲观情绪。有经济学家宣称，一旦中国经济硬着陆，甚至可能造成全球衰退。　　不过，麦朴思在最新文章中指出：“虽然人们完全有理由担忧中国对原材料的需求，我发现中国新兴产业和服务业的繁荣也许更加值得期待。我们的团队正在挖掘受中国消费转型、工资增长以及中产阶级持续成长的趋势所驱动的投资机会。”　　麦朴思指出，中国不仅消费大宗商品，不断壮大的中产阶级还表现出强大的购买力，正在培育新的国内产业，包括美容、娱乐(电影、音乐)等等。　　麦朴思通过对中国市场的考察发现，音乐和美容是两个前景广阔的消费市场。目前中国音乐市场规模很小，2014年数字音乐营收只有大约9100万美元，而美国为35亿美元。但中国消费者对音乐的需求不断上升，而国际市场已经注意到这一潜力，比如美国著名乐队Bon Jovi近期翻唱了一首中文歌曲《月亮代表我的心》。　　美容也是中国人消费能力上升后一个重要需求市场。麦朴思在文中指出，中国的化妆品和护肤市场主要被外国品牌所占据，本土企业发展空间巨大。　　“在我们看来，包括其他一些行业在内，中国音乐和美容行业的前景非常光明。尽管中国整体增速可能比过去几十年放缓，但我们并不感到担忧。我们相信中国仍将是全球增长强大的驱动力，并在未来对多个行业产生影响，”麦朴思最后指出。(Tony 编译)
赶超中国：印度与中国经济4大差异,,"新浪财经 微博
",2015年11月26日 16:37, 　　新浪财经讯 北京时间26日下午消息，中国经济增速在放缓，而印度正在取代中国成为全球增长最快的主要经济体。嘉信理财(Charles Schwab)分析师Jeffrey Kleintop在报告中指出了中国经济与印度经济的主要差异。　　中国和印度经济存在一些显而易见的共性，比如都是全球增长最快的经济体之一、都位居全球十大经济体之列、都拥有大约全球20%的人口，以及都是全球主要贸易国、进出口总额占GDP的40-50%。嘉信理财报告指出，两个国家的差异也非常显著，包括增长趋势、人口结构、经济构成以及风险状况等4大方面。　　1. 增长前景　　两个国家未来的增长轨迹大相径庭，中国经济增速在放缓，印度在加速。未来数年印度经济增速将超过中国。下图是中国和印度过去几年GDP增速以及未来预测值对比。图 中印经济增速对比　　中国GDP增速普遍被认为将逐步下降。IMF[微博]预测中国GDP增速2016年将从2015年的大约6.8%降至6.3%。相比之下，IMF预测印度2015年增速大约7.3%，2016年达到7.5%，到2020年继续升至7.7%。　　2. 人口结构　　中国和印度都大约拥有全球20%的人口，但与中国不同，印度的人口很年轻，而且在继续增长。　　两国的人口结构主要有以下3个不同：1)印度每名女性平均生育2.5个子女，大大高于中国1.5的生育率；2)印度人口年龄中位值是27岁，中国是37岁；3)印度15-64岁工作年龄人口将继续增长，大约10年之后将超过中国不断萎缩的劳动人口。这意味着未来10年印度需要创造1亿个新的工作岗位。图 印度工作年龄人口10年内将超过中国　　3. 经济结构　　中国和印度经济最大的差异也许是经济结构。中国经济放缓主要是由于经济从出口驱动的制造和基础设施投资向服务和消费转型。相反，印度本来是服务和消费驱动的经济，目标是扩大基础设施支出和提高制造业产出。　　中国经济转型已经造成制造和服务板块平分秋色，服务业占GDP的48%，制造业占43%(剩下的为农业)。相比之下，印度服务业占GDP比重比制造业高出23%，分别为53%和30%。　　这使得印度基本与影响全球和中国的制造业放缓隔离开来，同时显示了印度与中国增长模式的不同，更有可能实现高附加值的增长。　　4. 风险状况　　嘉信理财认为，中国最大的风险主要来自于中国制造的产品对全球需求的依赖，而金融危机之后中国为应对外部需求疲软已经积累了巨额债务。　　相比之下，印度最大的风险主要来自内部。印度经济更依赖国内消费支出而非出口，油价下跌降低了印度消费者所导致的贸易逆差。这意味着现在印度最大的风险可能是天气，世界银行[微博]估算印度47%的就业在农业板块。印度已经两次出现连续干旱年份，继续出现糟糕天气可能意味着就业和收入减少，从而抑制消费开支增速。(Tony 编译)
日媒：中国游客占领日本居民公寓 噪音扰民引发不满,,"
环球网 微博
",,　　日媒：中国游客占领日本居民公寓 噪音扰民引发不满　　　　环球网综合报道 日本《东京体育》网站11月24日报道称，日本民众所居住的公寓被中国人占领的“噩梦”也许在不久的将来就会变成现实。随着以中国人为代表的外国观光游客不断增加，违规“民宿”（把一般居民公寓当做旅馆进行出租）随处可见。日本居民和外国游客之间矛盾不断，日本居民搬离，公寓逐渐演变为外国游客专用……下面就来详细了解下大阪市内面向中国游客的民宿实况。　　近年来，随着外国游客的不断增加，日本民宿备受关注。日本首相安倍晋三在10月召开的规制改革会议中提出， 要对放宽“民宿扩大”问题进行探讨。　　受此影响，大阪府议会当月首先通过了民宿许可条例。预计东京、大田等地区不久后也将通过。但以大阪市为首的众多自治体还尚未通过该条例。在聚集了超多中国游客的大阪府南部，频现未经许可的私办民宿。　　据民宿数量众多的大阪、日本桥等地的日本居民反映称：“感觉今年入住的中国人变多了，并非常住居民，基本都是短期住宿的观光游客。虽然不清楚具体数量，但公寓内的很多房间都被改造成了民宿。物业管理公司事先也没有对大家进行任何说明。”　　也有居民反映称中国游客不守规矩，公寓内经常发生冲突。　　“中国游客们夜里总是大声喧哗，非常吵闹，很多人连门都不关，让人无法好好休息。”　　还有许多居民反映：“空瓶等垃圾就乱扔在门口”、“都挤坐在门口分买来的大量商品”、“在公寓内随处乱拍，会突然冲着你这边按快门”、“一出公寓就会看到大型巴士横在那里，吓人一跳”……　　报道称，众多日本居民都证实了中国游客的扰民行为。像这样在网上中介可以查到的私办民宿，大阪市内约有2000家，日本全国约有10000家。这一现状也可以反映出日本宾馆不足的问题。　　在大阪市内比较便宜的商务宾馆持续爆满，就算提前3个月都订不到房间。因此也导致住宿费飞涨，以前1晚只需6000-7000日元（约为人民币313-365元），现在却超过10000日元（约为人民币522元）的宾馆也不在少数。　　通往梅田至难波的御堂筋地铁观光沿线附近宾馆，以及堺市周边也是同样的状态。　　据大阪南部出租公寓的有关人员介绍，“这片区域附近的公寓内，面向中国游客的民宿越来越多，却很少出现日本租客。由于忍受不了观光客行径而搬走的日本居民也不在少数。但因为用空房间办民宿获利颇丰，就算偶尔发生矛盾，居民们也都默许了。一般月租为60000-70000日元（约为人民币3132-3654元）的房间，改为民宿的话月租则为300000日元（约为人民币15660元）”。　　日本入住者的长期缺乏，居民们只要一出门，就会感觉除了自己以外周围都是中国游客。目前中国土豪们购入数间日本公寓房屋后再出租给外国游客这种现状日益深刻。而且，针对中国游客占领公寓这一事态，也出现了以大阪市内为中心不断增加的趋势。　　《东京体育》认为，为了不让事态更加严重，还是尽早应对较好。如果被认作是“宾馆救星”的民宿，再这样不受约束继续增加，所有地区的公寓都岌岌可危。（实习编译：张育萌  审稿：王欢）
2030年日本劳动人口将减少790万 或致产业衰退,,"
中国新闻网 微博
",,　　中新网11月25日电 据日本共同社报道，日本厚生劳动省24日召开雇用政策研究会(主席为庆应大学教授樋口美雄)，出示了截至2020年和2030年的劳动人口推算数据，日本劳动人口将减少790万人。　　基于对将来人口的推算，会议指出如果经济不增长导致老年人和女性难以就业，2030年全国劳动人口将减至5561万人，比2014年少790万人，降幅为12.4%。此外还首次分都道府县进行推算。由于少子老龄化，日本全国47个都道府县劳动人口都将减少，其中秋田、高知等8个县降幅超过20%。　　劳动人口包括受聘工作者和以个体户身份工作的人，如果其规模大幅下降，就会导致国内产业衰退和市场萎缩。东京、神奈川、爱知等5个都县降幅低于10%。根预计，2030年日本总人口将比目前减少1000万人左右，较早开始出现老龄化的地区降幅更大的趋势显现。促进女性、老年人等人群就业及经济对策或将势在必行。　　分行业来看，制造业从业人数将于2030年从2014年的1004万人大幅减至874万人，批发和零售行业也将从1100万人降至847万人。另一方面，随着老龄化医疗和福利行业从业人数将从747万人增至910万人。　　雇用政策研究会指出，除了通过推进限制长时间劳动之类工作方式的改革增加女性和老年人上岗就业之外，还需努力通过终生挖掘就业者潜力来提高生产效率。　　2020年推算数据方面，劳动人口将比2014年减少305万至6046万。不过在2%的实际经济增长率促进就业的情况下，2020年将比2014年增加30万，2030年将减少182万。
摩根大通：新兴市场债券和银行最怕联储加息,,"新浪财经 微博
",2015年11月24日 11:30,　　新浪美股讯 北京时间24日上午消息，摩根大通(J.P. Morgan)认为，随着联储开始加息，新兴市场债券和银行可能最容易受到冲击。如果能够避免发生银行危机和快速去杠杆，摩根大通预计2016年新兴市场GDP可增长4.3%。　　摩根大通分析师David Hensley及其团队指出，联储加息将导致新兴市场信用市场收紧，这一过程已经开始，但还没有结束。　　新兴市场债务占GDP比重并未下降，成为一只尚未落地的靴子，可能在2016年造成市场压力，摩根大通表示。　　摩根大通进一步指出：“别忘了，新兴市场很大一部分信贷增长不过是发达市场宽松货币的另一面，随着联储货币政策正常化，这一过程可能逆转。欧洲和日本仍预计进一步宽松，因此明年全球流动性不会急剧下降，但风险犹存。”　　摩根大通警告称，投资者应密切关注新兴市场银行，坏账上升和融资成本上升是主要担忧，除了联储的因素，新兴市场增长相比加杠杆时期的水平可能令人失望。　　今年一季度，新兴市场非金融私人部门信贷与GDP比率达到128%，较2007年4季度上升51个百分点。不计中国，信贷与GDP比率为87%，上升22个百分点。相比之下，发达国家在2002-2007年加杠杆时期信贷占GDP比率上升20个百分点。　　摩根大通指出：“新兴市场债务的累积主要集中在亚洲，不过由于两个重量级国家中国和印度的进展，近期对区域经济增长的影响可能有限。中国政策制定者似乎有意维持较高的信贷增速，而印度信贷增幅不大。”(Tony 编译)
彭博：中石油及母公司据悉计划出售资产,,"新浪财经 微博
",2015年11月23日 13:53,　　新浪美股讯 北京时间23日下午消息，据彭博社报道，知情人士透露，中石油及其母公司中石油集团可能在年底之前出售资产，包括管道和炼油资产的股权。　　知情人士表示，中石油之所以希望在年底之前完成资产出售，是想让收益计入2015年利润当中，交易最早将在本周宣布。该人士要求彭博报道时匿名，因为这一信息尚未公开。　　中石油集团正在寻求达到国有资产监管者设定的年度利润目标，上述知情人士称。　　彭博指出，该交易将成为中石油2013年向外部投资者出售200亿人民币管道股权之后首次重大资产剥离。　　中石油集团新闻处未能立即对彭博的电邮询问做出回应，其发言人也未能立即置评。(Tony 编译)
中国与东盟结束自贸区升级谈判并签署升级《议定书》,,"
商务部网站 
",,　　11月22日，在李克强总理和东盟十国领导人的共同见证下，中国商务部部长高虎城与东盟十国部长分别代表中国政府与东盟十国政府，在马来西亚吉隆坡正式签署中国—东盟自贸区升级谈判成果文件——《中华人民共和国与东南亚国家联盟关于修订<中国—东盟全面经济合作框架协议>及项下部分协议的议定书》(以下简称《议定书》)。　　《议定书》是我国在现有自贸区基础上完成的第一个升级协议，涵盖货物贸易、服务贸易、投资、经济技术合作等领域，是对原有协定的丰富、完善、补充和提升，体现了双方深化和拓展经贸合作关系的共同愿望和现实需求。《议定书》的达成和签署，将为双方经济发展提供新的助力，加快建设更为紧密的中国—东盟命运共同体，推动实现2020年双边贸易额达到1万亿美元的目标，并将促进《区域全面经济伙伴关系协定》谈判和亚太自由贸易区的建设进程。　　中国—东盟自贸区是我国对外商谈的第一个也是最大的自贸区，于2002年开始实施“早期收获”，2010年全面建成，有力地推动了双边经贸关系的长期稳定健康发展，成为发展中国家间互利互惠、合作共赢的良好合作范式。在自贸区各项优惠政策的促进下，中国与东盟双边贸易从2002年的548亿美元增长至2014年的4804亿美元，增长近9倍，双向投资从2003年的33.7亿美元增长至2014年的122亿美元，增长近4倍。目前，中国是东盟最大的贸易伙伴，东盟是中国第三大贸易伙伴，双方累计相互投资已超过1500亿美元。　　为进一步提高本地区贸易投资自由化和便利化水平，2013年10月，李克强总理在中国—东盟领导人会议上倡议启动中国—东盟自贸区升级谈判。2014年8月，中国—东盟经贸部长会议正式宣布启动升级谈判。经过4轮谈判，双方于近日就《议定书》内容达成一致。
卡特彼勒：中国挖掘机销量较峰值下降80%,,"新浪财经 微博
",2015年11月19日 13:50,　　新浪美股讯 北京时间19日下午消息，卡特彼勒(Caterpillar)是美国工业的代表之一，也是全球经济的一个风向标。但现在卡特彼勒正处于极端困难时刻，预计2016年销售下降5%，从而出现前所未有的连续4年销量下降，步IBM的后尘。　　现在卡特彼勒对中国这个曾经欣欣向荣的市场彻底不抱希望，包括今年、明年甚至未来数年，同时也看淡整个行业的前景。　　这不单单是卡特彼勒的问题，而是整个行业都受到中国经济放缓的冲击，卡特彼勒集团总裁Tom Pellette在接受《金融时报》采访时如是称。　　Pellette提到中国市场一些很吓人的行业数据：2015年全行业10-90吨液压挖掘机销量可能在2.3万台左右，而在2010年中国市场最火热的时候，销量高出5倍，达到11.2万台（也就是说，今年相比2010年下降80%）。2011年3月，全行业一个月就售出了2.7万台！比2015年全年还多。　　那个黄金时代是金融危机之后中国四万亿刺激带来的。“这显示我们距离峰值已经有多远，”Pellette表示。　　9月24日，卡特彼勒已经宣布准备迎接寒冬到来，计划裁员超过1万人，“整合和关厂将持续到2018年。”　　卡特彼勒被证明一直是中国经济放缓的领先指标。就在中国经济增长依然闪耀全球的时候，卡特彼勒在中国的销售就已经开始下降了。　　不过，尽管卡特彼勒自己预测销售下滑，Pellette依然对明年的全球市场表现出了应有的乐观情绪。他说：“我的预期是，在中国以及全球，市场环境将会比2015年的情况好一些。就中国而言，我们预计市场将会回暖，但我们并不指望回到2011-2012年的水平。”(Tony 编译)
瑞信：A股上市公司3季报业绩创5年来最差,,"新浪财经 微博
",2015年11月18日 10:54,　　新浪美股讯 北京时间18日上午消息，尽管A股持续走高，上市公司3季度盈利较去年同期下降16%，其中非金融板块盈利锐减37%。瑞士信贷(Credit Suisse)指出，这是A股上市公司2010年以来最糟糕季报。　　瑞信策略师Vincent Chan的结论来自于对2009年之前上市的1391只股票的分析，其中包括1360只非金融股。　　盈利的下降是全盘的，能源、原材料和运输板块降幅最大，分别下降58%、34%和10%。“盈利锐减主要是大宗商品价格下跌所导致的，而后者不单单受中国宏观经济疲软的影响，而是全球性的疲软，”Chan写道。　　销售额下降是盈利下降的主要原因。非金融企业销售额较去年同期下降5.7%，其中能源和原材料分别下降30.3%和14.1%。　　利润率同样下滑。在2季度温和回升之后，股权回报率(ROE)、运营利润率和净利润率全部跌至历史低点，分别为5.5%、3.7%和3.3%。相比之下，一年之前A股上市公司的ROE还接近10%。　　更糟糕的是，上市公司的信用状况在恶化。“将近70%的钢铁和铝上市公司以及超过50%的煤炭公司利息保障倍数低于1。趋势正在恶化。坦白地说，进入2016年，原材料板块很有可能出现一些信用问题，投资者应该密切关注，”Chan在报告中指出。　　瑞信将中国银行板块评级从超配下调至低配，将中国建设银行和农业银行在投资组合中的权重下调，上调百度和腾讯的权重。　　Chan指出：“冬天正在来临，避开宏观板块。”(Tony 编译)
汇丰：人民币加入SDR不代表会升值,,"新浪财经 微博
",2015年11月17日 16:53,　　新浪美股讯 北京时间17日下午消息，尽管入篮指日可待，周一人民币中间价连降10日，创7年来最长连跌纪录。周二中间价略有回升。汇丰银行(HSBC)指出，加入IMF[微博]的特别提款权(SDR)货币篮子并不必然意味着人民币升值。　　市场普遍预计IMF将在11月30日会议上将人民币纳入SDR。上周五，IMF职员发表一篇研究文章，称他们相信人民币已经达到“自由使用”货币的要求，建议执行委员会本月将人民币纳入SDR。　　人民币进入SDR将成为首个获得这一待遇的新兴市场货币。　　汇丰银行分析师Paul Mackel认为，加入SDR可能造成人民币膝跳式的升值反应，但应该是暂时的。不过令人遗憾的是，在上周五IMF发表支持言论、人民币入篮概率几乎百分之百之后，人民币并未出现任何升值迹象，周一上午延续贬值趋势，下午很可能是在中国央行[微博]干预之下才止跌回升。周二人民币继续小幅贬值，截至北京时间15点，美元兑人民币上涨0.08%，报6.375。　　汇丰在报告中写道：“尽管IMF需要根据SDR货币篮子最新构成调整其资源，但IMF所拥有的资产规模较小，大约300亿SDR或400亿美元。我们不认为任何其他官方实体有必要做出同样的调整。”　　汇丰表示，一旦人民币被正式宣布纳入SDR，中国央行是否会放松对人民币汇率的管制还不得而知。“尽管在IMF评估之前通过干预保持汇率稳定是可以理解的，市场参与者希望看到人民币的波动率最终能够上升。因此，加入SDR并不必然意味着人民币将会升值。上周五美元兑离岸人民币汇率站上6.40可能意味着人民币即将迎来更大灵活度，”汇丰报告称。　　法兴银行(Societe Generale)也持有类似观点，认为人民币加入SDR并不能带来大规模资金流入，也许未来5年都只有可怜的2100亿美元流入。　　加入SDR之后，中国央行是否会允许人民币进一步下滑呢？汇丰银行对美元兑人民币年底的目标为6.50，意味着人民币还将从当前位置贬值2%左右。(Tony 编译)
中国十三五提升亚太经济新活力,,"
解放网 
",,　　新华网马尼拉11月17日电 (记者邰背平)亚太经合组织(APEC)第二十三次领导人非正式会议将于18日至19日在菲律宾举行。中国经济改革与发展、中国在推进区域整体发展中的作用成为亚太地区政商界人士关注的话题。他们认为，在“十三五”规划期间，稳健增长的中国经济将为亚太经济带来新的活力。　　“中国经济发展非常迅速，如果中国在‘十三五’规划的5年期间持续保持6%以上的增速，那么届时中国的经济规模将非常接近美国，中国在亚太地区将会发挥更大的作用，”APEC工商咨询理事会主席胡安·拉福对记者说。　　胡安·拉福对中国“十三五”规划以及中国对亚太经济的影响力非常关注。他认为，成立亚洲基础设施投资银行(亚投行)和“一带一路”倡议两大举措非常值得称赞，这两方面的成就是对中国为推动区域经济发展所发挥重要作用的认可。胡安·拉福期待，中国在推动亚太自贸协定的达成上继续发挥引领作用。　　面对复杂的外部环境和艰巨的结构调整升级任务，中国经济保持着中高速增长。2015年前三季度中国经济增长6.9%，对世界经济增长贡献率达到30%。“十三五”规划的出台，就中国经济发展理念、未来发展速度和新一轮高水平对外开放等全球关注的问题给出回答。正如胡安·拉福一样，越来越多人对中国经济前景充满信心。　　环顾当前世界，全球范围内经济与贸易增长势头并不乐观，而亚太地区在经济、贸易方面的表现则格外抢眼。作为亚太地区最重要的经济体之一，中国不仅成功保持自身经济的稳健增长，还积极通过APEC合作机制推动区域经济互联互通，推进亚太自贸协定，为亚太经济的突出表现作出贡献。　　在亚太经济体领导人齐聚马尼拉前夕，菲律宾副外长劳拉·德尔罗萨里奥表示，北京APEC会议为推动区域经济互联互通绘制了蓝图，菲律宾主办的APEC领导人非正式会议将继承北京会议的成果，在互联互通和互联网经济等方面作进一步拓展和深化。　　推动亚太经济贸易发展，中国不仅在区域层面积极推进融通与协作，还在双边层面为大多数亚太经济体提供了重要发展机遇。汇丰行政总裁欧智华日前在澳大利亚对媒体说，影响澳大利亚未来经济发展的重要有利因素就是“紧靠世界第二大经济体的优势”。他说，中国“十三五”规划将助力信息科技、环保、医疗、教育等领域发展，而在这些领域澳大利亚企业经验丰富，双方合作潜力很大。　　对东南亚最大的经济体印度尼西亚而言，与中国的合作也非常重要。印度尼西亚学者德拉查·维博沃日前表示，中国提出的“一带一路”倡议能够促进区域经济互联互通，印度尼西亚在此方面也有类似的需求与主张，因此和中国合作潜力非常大。　　在世界经济并不景气的大环境下，中国经济取得的成绩得到世界认可。随着中韩、中澳自贸协定签署，上海自贸区试点拓展，亚太自贸区建设稳步推进以及“一带一路”战略的推进，中国已呈现出深层次、高水平、全方位的对外贸易开放格局，这些都为亚太经济繁荣发展增添了信心。　　本次菲律宾APEC会议的主题是“打造包容性经济，建设更美好世界”。中国领导人将带来“中国方案”，系统阐述中方关于亚太区域合作的政策理念主张，介绍“一带一路”建设的新进展及其为亚太和全球带来的新机遇。相信这将进一步增强亚太各经济体对中国的信心，增强区域整体经济取得更大繁荣的信心。 
英国机构：人民币取代美元不可避免,,"新浪财经 微博
",2015年11月17日 11:17,　　新浪美股讯 北京时间17日上午消息，人民币国际化正在提速，而加入IMF[微博]特别提款权(SDR)货币篮子将成为标志性事件。在上周IMF工作人员和总裁拉加德[微博]发表支持言论之后，人民币本月末入篮几乎已确定无疑。从长期来看，英国投资机构安石集团(Ashmore Group)研究主管Jan Dehn认为人民币取代美元将是不可避免的事情。　　安石报告指出，人民币可能在11月30日的会议上正式进入SDR，预计在货币篮子中的权重为13%左右。在7月份IMF指出人民币所存在的一些技术性问题之后，中国已经迅速采取了行动，包括调整人民币中间价的形成方式。　　安石集团预计，人民币崛起的速度可能远远快于中国人均GDP追赶西方世界的速度。目前全球97%的外汇储备都投资于美元、欧元、日元和英镑这4种货币，然而4家央行[微博]都通过量化宽松(QE)大规模印钞损害了自身的储备货币地位。“QE政策最终将导致通胀或货币贬值，进而造成全球稳健储备货币的严重短缺。这为各国央行迅速接纳人民币提供了契机，”安石在报告中写道。　　安石大胆断言：“人民币最终注定要取代美元成为全球主要储备货币，而中国国债市场将成为全球固定收益市场的主要参照。”　　Dehn解释道，这是中国规模的必然结果——中国人口规模是美国的4倍多。他表示，如果中美两国的人均GDP都按照本国2011-2015年的平均速度增长，那么中国人均GDP将在2043年超过美国。　　人民币确立全球储备货币的地位将进一步加速中国资本账户的开放，因为各国央行采用人民币将使得人民币汇率更加稳定。“我们注意到10月份中国通胀率降至同比1.3%，这确保中国国债实际收益率仍大大高于所有其他现有的储备货币国家，”Dehn写道。　　安石集团建议投资者应该提早制定一项中国策略，就像大部分机构投资者有自己的美国策略一样。(Tony 编译)
日本经济缘何一再衰退：内需疲软是主因,,"
新华网 
",,　　新闻分析：日本经济缘何一再衰退？　　新华网东京11月16日电(记者许缘 乐绍延) 日本内阁府16日发布第三季度国内生产总值(GDP)数字，当季日本经济环比下滑0.2%，按年率萎缩0.8%。这是日本GDP连续第二季度环比下降，再次陷入技术性衰退。　　分析人士认为，日本经济之所以一再衰退，主因是作为经济支柱的内需疲软。　　内需不给力　　日本政府时常将经济及物价增长乏力归咎于包括新兴经济体在内的外部经济环境疲弱，但真正疲弱的是日本民众的消费欲望和企业的投资生产热情。　　据最新公布的GDP数字，内需不振拖累日本经济第三季度下滑0.3个百分点，其中国内个人消费增幅不尽如人意，而企业投资环比更是大幅下滑。　　自2014年4月1日消费税增长三个百分点之后，日本国内个人消费一直未能起到拉动经济增长的主引擎作用。第三季度日本国内个人消费仅环比增长0.5%，由于占GDP总量的比重高达60%，决定了经济增长动力不足。　　日本内阁府解释说，第三季度国内消费小幅增长的主因是炎热天气引发空调等电器销量增加，以及秋季公休日带来的旅游等消费增长。然而，第二季度国内消费环比下降了0.7%，第三季度的微小增幅并不足以形成对冲。　　个人消费不足　　不少专家认为，日本经济内需不振的重要原因之一是薪资增长乏力，进而导致消费意愿低迷。　　据日本厚生劳动省公布的数字，今年7月至8月日本企业员工工资同比仅分别增长0.9%和0.4%，而9月同比增长0.6%。有数据显示，过去15年，占在职家庭整体收入80%的户主收入不增反降，幅度高达约9%。　　不仅如此，随着日本老龄化问题日趋严峻，日本企业员工工资中所需缴纳的社会保障支出不断扩大，而人均可支配收入的占比则明显收缩。　　受此影响，日本消费者信心长期处于低迷状态。据日本内阁府的数字，今年第三季度，有两个月的消费者信心指数环比下滑，9月份环比减少1.1至40.6，远低于50的荣枯分水岭。　　企业投资不够　　日本企业投资经营不容乐观，这在近期日本企业财报季中也可见一斑。从汽车企业来看，日本第一大汽车生产商丰田公司虽然2015财年中期净利润同比大幅增至历史峰值，但主要归功于海外市场。据丰田财报，今年4月至9月，丰田日本本土销量下滑4.6万辆。　　企业资本支出大幅减少是当季日本经济下滑的另一大因素。日本企业对设备及厂房投资热情连续两个季度环比减少，降幅也从第二季度的1.2%扩大至第三季度的1.3%。　　日本企业资本支出占GDP比重达15%，被视为拉动经济增长的又一关键引擎。然而，尽管首相安倍晋三等政府官员不断游说企业扩大设备投资，并期许降低企业税至低于30%的水平，但企业并不买账。　　据日本央行[微博]调查，9月份日本大型制造业企业信心指数下滑3点至12，其中以机械制造商企业信心下滑最为显著，这类企业对日本国内外市场的需求前景均不看好。　　日本一些经济学家指出，由于海内外需求持续放缓，日本企业投资未来增长的可能性十分微小。随着圣诞节和新年打折促销季的日益临近，日本国内消费或能在年底有所增加，但如何长期维持消费者的购物热情，并刺激企业将利润转换为对新设备和新建厂房的再投资，是日本政府应着重考虑的方面。
投行：加入SDR对人民币短期提振不大,,"新浪财经 微博
",2015年11月16日 16:21,　　新浪美股讯 北京时间16日下午消息，在IMF[微博]职员正式发表支持声明之后，人民币进入特别提款权(SDR)几成定局，但交易者反映较为冷淡。经济学家认为，加入SDR对人民币短期提振作用有限。　　周一亚盘，人民币一直处于贬值态势。截至北京时间14点，美元兑人民币(USD/CNY)上涨0.11%，报6.381；美元兑离岸人民币(USD/CNH)上涨0.23%，报6.418。不过14点之后，人民币突然出现一波拉升，有交易员称大型中资银行在离岸市场抛售美元兑人民币。截至北京时间15点45分，美元兑人民币转为下跌0.07%，报6.369；美元兑离岸人民币下跌0.16%，报6.392。　　事实上，尽管人民币进入SDR的预期越来越强烈，本月初以来人民币一直处于贬值态势。这可能部分由于市场预期联储将在下个月启动加息进程。　　上周，IMF职员向执行委员会提交一份报告，称人民币达到了“自由使用”的标准，建议将其加入SDR货币篮子，成为继美元、欧元、英镑和日元之后的第五种货币。　　IMF总裁拉加德[微博]在一份声明中称，中国当局已经就7月份初步分析中所指出的所有操作性问题采取了行动。IMF预计将在11月30日做出最终裁决。　　新加坡大华银行(United Overseas Bank)指出，上周五的支持表态使得人民币进入SDR的概率超过80%。其他机构也持有类似观点， 道明证券(TD Securities)称人民币入篮“板上钉钉”。　　上周五的消息对人民币无疑是一个利好，但可能还不足以刺激人民币买盘。　　苏格兰皇家银行(Royal Bank of Scotland)亚洲经济主管Louis Kuijs在报告中写到：“尽管进入SDR是一个里程碑，但并非人民币国际化的决胜局。在可预见的将来，中国不得不继续说服外国机构和个人相信持有人民币资产的益处。”　　在此之前，人民币主要被各国央行[微博]、主权财富基金和其他市场参与者持有，而它们只会逐步地增持，Kuijs警告称。　　道明证券也表示，人民币加入SDR并不会立即解决中国的长期结构性问题。　　道明证券在报告中指出：“加入SDR短期内不会大幅提升人民币的基本面或基本需求环境，一方面资本账户依然受限，另一方面离岸人民币已经存在多年，储备经理人以及出于投资组合投资目的而希望持有人民币的人可以通过它来获得对人民币的敞口。”　　IG首席市场策略师Chris Weston表示：“显而易见的问题是全球储备经理人是否会立即买入人民币，以反映人民币新的储备货币地位和进入SDR篮子。在我们看来，这一问题的答案是‘不可能’，而入篮对人民币的影响更多地是象征性的。”　　他表示，在买入之前，储备经理人还要等待IMF对人民币在货币篮子中权重的确定，“这一数据才有可能带来未来人民币买入的预期。”　　不过预测值存在差异，ING预计人民币在新SDR货币篮子中的权重为9%，而IG预计将超过10%。　　Weston指出，相比对冲基金、养老基金等市场玩家，储备经理人在调整投资组合方面通常比较慢。　　他表示：“从理论上来讲，全球央行大约有9个月的时间来调整投资组合权重，但我们可以回忆一下1999年欧元进入SDR时的情况，储备经理人基本上是几年之后才真正提升了欧元的持仓。”(Tony 编译)
高盛：A股降融资杠杆对券商股影响有限,,"新浪财经 微博
",2015年11月16日 13:37,　　新浪美股讯 北京时间16日上午消息，为降低股市波动率和系统性风险，上周五沪深交易所将融资保证金最低比例由50%提高至100%，高盛(Goldman Sachs)认为这一新规对券商股影响有限。　　沪深交易所公布，自今年11月23日起，将投资者融资买入证券时的融资保证金最低比例由50%提高至100%。所谓融资保证金比例，是指投资者融资买入时交付的保证金与融资交易金额的比例。融资保证金比例决定了客户融资买入交易的杠杆率。例如，当融资保证金比例为50%时，客户用100万元的保证金，最多可向证券公司融资200万元买入证券，该笔融资交易的杠杆率为2倍。当融资保证金比例提高至100%时，客户用100万元的保证金，最多只能向证券公司融资100万元买入证券，此时融资交易的杠杆率为1倍。　　随着本月A股重新进入牛市(定义为从低点反弹超过20%)，投资者又开始加大融资买入力度。上周保证金融资余额从9月底的水平上升30%左右至1.17万亿人民币，占A股流通市值的5.7%。这一比例超过全球保证金正常水平的两倍以上。　　不过融资新规对整体市场的影响可能较小，虽然总的融资余额不低，但相比6月份峰值已经下降一半。相比之下，券商股可能受到一定影响，周一券商股普跌，截至上午收盘，中信证券下跌3.26%，海通证券下跌2.98%。　　根据万德的数据，中信证券在保证金融资方面市场份额最高，占6.4%；海通证券和广发证券分别占5.7%和5.8%的市场份额。　　高盛认为降低融资杠杆对券商股盈利影响有限。根据高盛的调研，一些大型券商早就已经将最低保证金要求从此前的50%提高到了60-80%。　　“对于一般以股票为抵押进行保证金融资的借款者而言，理论上最大的杠杆(资产除以权益)将从过去的1.6-2.4倍下降到1.3-1.7倍，而当前保证金账户的有效杠杆率平均大约为1.6倍，”高盛分析师在报告中写到。(Tony 编译)
不许联想！MSCI称纳入中概股并非为A股铺路,,"新浪财经 微博
",2015年11月13日 15:54,　　新浪美股讯 北京时间13日消息，全球指数提供商MSCI表示，中概股进入MSCI新兴市场指数并非为人们期待已久的A股进入指数铺路。　　周四(北京时间周五早晨)，MSCI宣布将14只在美国上市的中概股纳入MSCI新兴市场指数，包括58同城、阿里巴巴、百度、携程等。今年6月，MSCI经过评审之后决定暂不将A股纳入其系列指数，但表示在流动性和所有权等结构性问题解决之后有可能考虑将其纳入。　　MSCI指数管理研究全球主管Sebastien Lieblich周五向CNBC表示：“这一决定(指中概股进入MSCI)与是否将A股纳入新兴市场指数的考量没有任何关系。它是一次大规模变动的一部分。只不过中国在这一次指数编制方法优化中受影响最大，其实还涉及其他一些国家(和地区)。”　　过去，某个国家(和地区)在国外上市的公司不被纳入MSCI的区域指数。中概股就属于这种情况。　　在这次半年调整中，除了备受瞩目的中概股进入MSCI新兴市场指数，在美国上市的荷兰公司恩智浦半导体(NXP Semiconductors)也进入了MSCI荷兰指数，在新加坡上市的香港置地进入了MSCI香港指数。　　周四宣布的所有变化将在11月30日收盘之后生效。MSCI称它最初将会把在国外上市公司自由流通市值的一半加入指数，然后在2016年5月半年评估的时候将剩余市值纳入。　　经过周四的最新调整，中国股票在MSCI新兴市场指数中的权重从此前的23%上升到26%，预计中概股可以从那些被动跟踪MSCI新兴市场指数的基金获得大约70亿美元的资金流入。　　Fidelity Funds中国消费基金投资组合经理Raymond Ma表示：“中概股属于国内消费概念，属于新经济范畴，也可能受到一些积极管理型基金的青睐。”　　不过MSCI的Lieblich警告称，周四的声明并非对中国经济向消费和互联网科技转型所作出的反应。　　“我们不对行业或板块做出选择。任何在中国大陆之外上市的公司都符合条件，只不过它们碰巧是科技股。MSCI并没有将这一类特定股票纳入MSCI新兴市场指数作为特定目标，”Lieblich表示。(Tony 编译)
中国经济谜题：连续降息但新增贷款锐减,,"新浪财经 微博
",2015年11月13日 13:59,　　新浪美股讯 北京时间13日下午消息，尽管中国央行[微博]连续降息降准，但10月新增信贷大幅下降。央行最近一次货币宽松是10月23日宣布“双降”：降息0.25个百分点、降准0.5个百分点。　　根据中国人民银行[微博]12日发布的最新数据，10月人民币贷款增加5136亿元，同比多增480亿元，但较9月的1.05万亿元少了一半还多，也大大低于8000亿元的市场预期。10月社会融资总额4767亿元，预期1.05万亿元，前值1.3万亿元。　　到底发生了什么？野村证券(Nomura Securities)分析师Yang Zhao指出，看起来企业缺乏扩张意愿，银行也不敢贷款。　　野村在报告中写到：“首先，由于经济活动持续疲软，信贷需求依然很弱。的确，3季度的贷款需求指数是有数据以来最低的水平。其次，银行也因为坏账率上升而在放贷方面变得谨慎，坏账率上升可能还降低了银行可以向企业发放的信用额度(包括银行承兑票据)。第三，利率自由化让银行净息差收窄，促使它们转向回报率更高的业务。银行承兑票据的回报率较低，而发行票据所需的资本要求又较高，部分银行被迫退出了这一领域。”　　在社会融资总额中，外币贷款和未贴现的银行承兑汇票是10月缩水最多的部分：对实体经济发放的外币贷款折合人民币减少1317亿元，同比多减628亿元；未贴现的银行承兑汇票减少3694亿元，同比多减1283亿元。经济学家认为，前者很可能是由于8月份汇改之后人民币波动率上升，导致企业不得不增加购汇来加快偿还外币负债，同时将部分外币存款用于负债偿还。　　高盛首席中国经济学家宋宇认为，中国CPI通胀率走低为政策放松留出了更大空间，预期降准之外，还将再度降息。(Tony 编译)
德银看好中国银行股 受益于经济复苏,,"新浪财经 微博
",2015年11月12日 13:22,　　新浪美股讯 北京时间12日下午消息，德意志银行(Deutsche Bank)认为中国银行股将受益于经济周期性复苏，尤其是在港股上市的中国银行股拥有巨大的估值优势。　　恒生指数从9月初低点最高上涨约15%，但最近连续下跌。不过德银策略师Yuliang Chang认为市场上涨动力强劲、动能将会持续下去，在最新报告中上调了中国银行股和港交所评级。　　德银指出，在央行[微博]连续降息之后，银行新增坏账的速度将会放慢，企业债务服务(即还本付息)能力将会上升，从而对银行股有利。此外，中国银行股属于估值洼地。　　“H股银行股未来12个月预期市净率只有0.7倍，而股权回报率(ROE)和股息率分别高达14.4%和6.2%。市净率目前处于历史新低，较MSCI中国指数的1.2倍折价38%，”德银报告称。　　德银尤其看好中国建设银行。周四午盘，H股建设银行上涨0.73%。　　此外，德银还看好港交所的上涨空间。德银指出，持续的金融改革(尤其是资本账户自由化)将推动中国加速融入全球金融市场，港交所将是一个重要受益者。　　“我们预计香港市场成交量将会上升，因为港股还有很大上涨空间。此外，几个月之后‘深港通’的发布可能是一个愉快的意外并点燃市场情绪，”德银报告写道。(Tony 编译)
双十一销售强劲 德银调升阿里巴巴目标价,,"新浪财经 微博
",2015年11月12日 11:11, 　　新浪美股讯 北京时间12日上午消息，阿里巴巴(股票代码BABA)双十一销售额创出新纪录，共产生总值143亿美元商品总额(GMV)的交易——远高于去年的93亿美元。德意志银行(Deutsche Bank)在最新报告中调升了阿里巴巴[微博]目标股价。　　德银分析师Alan Hellawell III将阿里巴巴目标股价调升10%至98美元。德银指出：“阿里巴巴多重战略的成功实施似乎是今年双十一销售额超出预期40%的原因。”　　阿里巴巴在隔夜美股交易中下跌1.9%，收于79.85美元。　　在双十一销售额中，69%是消费者通过手机无线网络完成的，大大高于去年42.6%的比例。“总的来说，天猫[微博]的移动渗透率高于淘宝。这可能也是手机购物占比提升的原因之一，”德银报告称。德银认为，B2C的天猫货币化率高于C2C的淘宝，可以为阿里巴巴的营收贡献更多商品总额(GMV)。　　其他分析师也注意到了阿里巴巴移动端的贡献率。　　Summit Research分析师郭琪写道：“我们注意到尽管有腾讯的微信和QQ的帮助，京东(股票代码JD)的移动渗透率并没有大幅超越阿里巴巴。京东披露今年双十一其平台70%订单来自于手机。考虑到过去几个季度移动货币化的大幅改善，我们预计移动渗透率上升将推动阿里巴巴的营收增长。”(Tony 编译)
日本第一款国产喷气式客机试飞,,"
新闻晨报 
",,　　据新华社报道　　日本第一款国产喷气式支线客机MRJ11日完成首次试飞，向争夺全球市场迈出第一步。　　MRJ为“三菱支线喷气客机”的英文单词首字母，由日本三菱重工旗下三菱飞机公司研制，为双引擎喷气式支线客机。它分为MRJ90和MRJ70两个系列，分别为90座级和70座级。　　首架MRJ客机11日在日本爱知县名古屋机场起飞，大约一个小时后顺利返回着陆。三菱飞机公司在网站上直播了试飞过程。　　它是日本在第二次世界大战后研制的首款喷气式“大飞机”。半个多世纪前，三菱重工等日本公司合作研制了YS—11型螺旋桨式客机。　　三菱重工2008年正式决定研制MRJ并成立了三菱飞机公司。三菱起初希望这款客机2011年首飞，但是由于修改设计等原因，进度一再拖延。首架MRJ去年10月建造完成。　　三菱飞机公司希望这款飞机能打进全球市场，与巴西航空工业公司和加拿大庞巴迪公司争夺中小型喷气客机市场。　　MRJ的卖点包括燃油经济性、客舱舒适性和环境友好。它采用美国普拉特—惠特尼公司生产的发动机，可比同类型客机省油20%。它的最大航程接近4000公里。　　MRJ至今已经获得223架确认订单，最大客户来自海外，为美国航空运营商跨州控股公司，订货量为100架。在日本国内，MRJ获得了两家最大本土空运商全日空航空公司和日本航空公司的订单，前者定于明年4月至7月接收首架MRJ。三菱希望在全球市场售出超过2000架MRJ。　　二战结束后，美国禁止作为战败国的日本制造飞机。不过，日本航空工业从上世纪50年代开始逐渐恢复，起初是修理美军战机，继而按照许可证制造美国设计的战机以装备日本自卫队。1962年，日本自行研制了YS—11型螺旋桨引擎客机，大约10年后停产。　　三菱重工在二战期间生产了著名的“零”式战机，战后继续成为日本军工巨头，为自卫队制造F—15和F—2型战机以及其他武器装备。MRJ的研发获得美国波音公司[微博]协助以及日本政府和企业界支持。
联储加息是否会重创香港股市？,,"新浪财经 微博
",2015年11月11日 14:22,　　新浪美股讯 北京时间11日上午消息，联储即将启动加息进程，在上周五异常强劲的就业数据之后，市场已经将联储12月加息的概率提升为70%左右，而高盛(Goldman Sachs)等机构均认为12月几乎铁定加息。联储加息是否会对香港股市造成巨大冲击呢？　　由于香港实行联系汇率，港币汇率钉住美元，货币政策也与美国同步，因此联储加息将导致香港利率同步上升。香港股市是一个地产、银行、产业巨头占主导的市场，而这些公司对美国利率上升都非常敏感。　　如果联储真的下个月加息，将是9年来首次加息。如果要对比上一个加息周期，我们需要回到十多年前，也就是2004年6月。　　巴克莱(Barclays)分析师Paul Louie向我们提供了一些历史数据。美国此前的加息周期包括2004年6月到2006年6月、1999年6月到2000年5月、1994年2月到1995年2月。在1994年加息周期开始之后的30天内，恒生指数大跌17%，但在1999年和2004年同期仅下跌0.4%和2.6%。在后两个例子中，港股对美国加息的免疫力非常强。　　那么这一次到底是类似1994年还是2004年呢？　　Louie写道：“我们认为联储加息之前香港本地的经济增长和股票市场表现可能会影响加息之后的表现。”　　巴克莱在报告中指出，1994年，在联储宣布加息之前的90天里，恒生指数上涨35.1%，为后来的回撤埋下了伏笔。相反，在2004年加息周期前，恒生指数同期下跌3.1%。在当前周期前，恒生指数已经下跌6.9%。　　因此我们似乎没有什么可担心的。恒生指数虽然已经从9月末低点上涨9%左右，但今年全年依然为下跌。(Tony 编译)
诺奖得主法玛：比特币价值可能变成零,,"新浪财经 微博
",2015年11月10日 11:55,尤金-法玛　　新浪美股讯 北京时间10日上午消息，最近比特币急剧飙升重新引起人们关注，不过2013年诺贝尔经济学奖得主尤金-法玛(Eugene Fama)建议人们最好远离比特币。　　经过10月底到11月初的大涨之后，比特币价格目前大约在400美元左右。根据CoinTelegraph刊登的一篇访谈，法玛认为比特币的价值“有可能跌到零”。　　他在采访中称：“人们不会使用比特币，因为你很难知道需要用多少比特币来结算。它的价值非常不稳定，人们不会将其作为一种结算手段而持有，而是试图快速脱手，就像他们现在所做的那样。这对于比特币作为一种记账单位存续下来是非常不利的。”　　“如果没有稳定的价值，那么它可能无法成为一种记账单位。这意味着，某一天它的价值可能变成零，”法玛说道。　　当然，法玛并没有说比特币不代表一种“价值储存”手段，就像黄金之于投资者那样。　　“我猜比特币对于毒品贩子而言价值要高得多，”他表示。自从比特币诞生以来，毒贩及黑客们就利用它来避开银行机构和监管。 　　尤金-法玛是芝加哥大学教授、著名经济学家、金融经济学领域的思想家，以及芝加哥经济学派代表人物之一，2013年获得诺贝尔经济学奖。法玛教授最主要的贡献是提出了著名的“有效市场假说”。(Tony 编译)
印度：唯一欣欣向荣的新兴市场？,,"新浪财经 微博
",2015年11月09日 17:04,　　新浪美股讯 北京时间9日下午消息，全球大宗商品价格暴跌让新兴市场遭遇重创，不过也有少部分新兴市场国家受到投资者青睐，比如大家一致看好的印度。　　受联储加息预期以及中国经济放缓的冲击，投资者正在快速将资金从新兴市场基金撤离。据估算，在截至7月底之前的13个月中，新兴市场总的净资金流出超过9.4亿美元，而今年迄今新兴市场ETF至少流出190亿美元。　　“大宗商品超级周期”的结束及其导致的能源价格下跌给许多新兴市场造成困境。比如，与俄罗斯、伊拉克和伊朗等产油大国贸易关系密切的土耳其经济滑坡，其货币里拉最近跌至历史新低。　　不过，标准人寿投资(Standard Life Investments)新兴市场经济学家Alex Wolf认为，新兴市场动荡也带来了一些机遇。　　“某些国家是明显的受益者，无论是通过财富效应上升和实际消费上升的途径，还是通过补贴减少和财政开支重新配置于更具效率的用途，”Wolf说道。　　穆迪投资者服务(Moody's Investors Service)在10月份的一份报告中也指出不同新兴市场之间“弹性差异很大”，部分国家抵御风暴的能力更强。穆迪认为，在新兴市场进入持续风险规避的情况下，土耳其、巴西和南非等国受冲击最大。　　印度却完全是另一回事。穆迪指出，“由于弹性更强的经济增长和改革推动，印度受全球风险影响很小。”　　一些大型投资者也同意这种看法。Eaton Vance Asset Management副总裁兼投资组合经理Eric Stein上个月在一个会议上称印度是2015年“最好的新兴市场概念”。法兴银行(Societe Generale)分析师也预测印度股市上涨将持续到2016年。　　尽管国际货币基金组织[微博](IMF[微博])上个月将印度GDP增速预期从7.5%下调至7.3%，标准人寿的Wolf认为印度经济将“继续周期性改善”。　　“印度的产出、投资和外国直接投资(FDI)都有望持续改善，再加上持续的结构性改善，我们对印度的前景非常乐观，”Wolf表示。　　他进一步指出，印度解决了许多一度被认为非常棘手的结构性失衡，包括通胀失控、经常账户赤字和财政赤字。现在印度经常账户赤字已经低于GDP的2%。　　“尽管印度增长提速还面临许多障碍，但我们认为印度走向了正确的方向，基本面非常强劲，”Wolf说道。　　在前沿市场中，标准人寿从越南看到了一线希望。Wolf表示，在外部需求非常疲软的情况下，越南的出口表现非常不错，而加入TPP对越南意义重大。(Tony 编译)
韩媒：部分朝鲜人开始借房地产理财,,"
中国网 
",,　　参考消息网11月8日报道外媒称，在朝鲜，针对个人投资者(金主)的公寓建设成为了最佳理财方案。　　据韩国《中央日报》网站11月3日报道，朝鲜的住宅是有等级的。最高等级的住宅是特户住宅(高级独立式住宅)，为党政军高层干部所有；4号住宅(新型高层公寓)为党中央科长级、政务院局长级、人民演员、大学教授以及企业负责人所有，3号住宅(新型公寓，中级独立式住宅)则是中央机关指导员等人居住，2号住宅(一般公寓)则租给道级机关指导员等居住，1号住宅(集体供应住宅)则由劳动者、集体农场和农民居住。　　报道称，虽然朝鲜不允许个人建设住宅，但是金主们参与住宅建设正趋活跃。主要通过三种方式：根据国家计划，政府提供所有资金和建设材料进行建设；政府和金主共同合作；政府挂名，金主全权负责建设。三种方式中，一般多为第二种，即“政府+个人投资者”的混合形态。　　报道称，政府主要负责批准建设用地、建设许可、筹划，提供电气以及设备机械，动员劳动者等任务。金主则支付建设中所需的材料费和人工费等。劳动者则是充分利用集市或者企业的闲置劳动力，他们被称为“日工”。“脱北者”姜彩媛(音)称，“日工的工资为相当于朝币100元左右的粮食，工作期间午饭晚饭提供米饭和汤”。政府与金主合作的话可以合法使用用于公寓建设计划的日工，雇佣人力时可节省时间和费用。　　报道称，金主参加2号～4号住宅的建设，一般会获得投资金额平均三倍以上的利润，完全是“赚钱的生意”。原因大约有六种：第一、无需支付购买土地的费用；第二、人工费用低；第三、政府参与，可减少建筑材料费用。据说可按照国家规定价即材料市场价格的20%买入材料。第四、住宅供给量不足，需求多。朝鲜目前有大约150万户的住宅短缺。据“脱北者”透露，严重的情况下一间房子要住父母、夫妻、兄弟夫妇三个家庭的人。第五、权力阶层高收益人群的需要正在增长；第六、金主们可轻易作为财产积累的手段。金主们拥有公寓的3-4楼层，一般用于买卖和租赁事业。　　报道称，金主们建设的公寓用美元进行交易。还有类似于房地产中介的“房屋经纪人”。在朝鲜，进行房屋买卖原本是非法的。朝鲜在2009年制定了《住房法》，规定了住宅所有形式由国家扩大到团体和个人，但是交易仍是非法的。朝鲜的住宅原则上仍归国家所有。即使如此，朝鲜当局仍对金主非法的公寓建设和交易视而不见，原因在于这能满足政府无法解决的居民住宅需求。既美化了市容，还有宣传价值，最重要的是劳动党干部等权力阶层成为了受益者。金主在获得土地、设计、监理评价等政府许可时，甚至会把公寓作为礼物送给协助自己的公务员们。“房屋经纪人”也是由权力机关的退休人士担任。　　报道称，与韩国一样，朝鲜权力阶层喜欢的公寓楼层是中间楼层。与中间楼层相比，顶层要便宜500美元左右。最便宜的楼层是1楼，因为噪音、安全、卫生等问题，住户的喜好度下降。交易价格最高的是平壤，价格为10万美元，价格最低的则是清津地区，大约1万美元左右。
韩国经历30年计划生育后 陷入低生育率陷阱,,"
新京报 
",,　　30年“计划生育”后 韩陷低生育率陷阱　　在前不久召开的五中全会上，决定全面放开二孩政策。但是，从“单独二孩”政策实施来看，民众的生育愿望并没有预料中那样强烈。　　自从20世纪60年代开始，韩国政府为了控制人口增长实行“家庭计划”政策，鼓励国民少生孩子。“家庭计划”成功地降低了人口增长速度，但在推行了几十年后，韩国却遭遇了严重的出生率下降问题。目前，韩国已经成为生育率最低的国家之一，尽管政府出台多项鼓励政策，民众仍旧对多生孩子不“感冒”。　　韩国版“计划生育”是在什么背景下出台的？“计划生育”让韩国陷入怎样的困境？现在是什么导致韩国年轻人不再喜欢孩子了？在欧洲，比如俄罗斯，又是怎样应对少子化难题的？　　韩版计划生育被当样板　　今年2月，韩国庆尚南道教育厅表示，该地区有7所小学未招到一名新生，仅招到一名新生的小学有16所，中学有1所，较去年(8所)增加了一倍以上。“学生荒”，已经成为韩国教育部门的头等难题。“学生荒”背后的原因是少子化，如今，低出生率依然是韩国社会之痛。　　其实，韩国人是非常喜欢生孩子的。上世纪五六十年代，韩国家庭的总和生育率(下称“生育率”)很高，1960年，韩国每个妇女在育龄期间平均生育5.9个孩子，1961年这个数字达到6.0，这意味着韩国在上世纪60年代平均每个妇女一生要生养6个子女。　　生育高峰让韩国迎来婴儿潮，社会压力显著增大。从1962年起，韩国政府决定在全国推行柔性计划生育政策，提倡一对夫妇生育两个孩子。韩国政府还提出，希望到1970年，韩国人口平均年增长率可以下降到20‰。“计划生育”政策出台后，韩国人口的确得到了有效控制，促使韩国妇女生育率大幅度下降。　　20世纪80年代，在人口高峰期出生的一代韩国人达到生育年龄，韩国政府进一步加强人口政策，对独生子女夫妇实行奖励，同时将流产和绝育合法化。韩国版计划生育在早期曾得到国际社会广泛赞誉，认为是世界上最成功的计划生育范例之一。到了1980年，韩国生育率由60年代的6.0降到了2.8。　　计划生育政策效果明显，韩国政府受此鼓舞，在1981年将人口政策目标修订为到1988年人口更替水平下降到2.1。同时，在计划生育宣传中推广小家庭，以达到“单孩家庭”，还对接受绝育措施的单孩家庭，由政府提供住房优惠和生活补贴。　　卫生部熄灯令鼓励造人　　在韩国政府实施计划生育政策后，韩国生育率下降速度比政策制定者的预期要快得多。结果，到1983年就已经达到了政府预期的1988年人口更替下降目标。　　与此同时，韩国人口出生性别比开始出现失调。20世纪90年代中期，韩国新生婴儿性比别达到了115个男孩比100个女孩。　　上世纪80年代末90年代初，韩国已逐渐实现了工业化，国民收入大幅度提高，适龄青年大多数进入大学，青年男女晚婚晚育的趋势开始出现。从上世纪90年代开始，人口生育率偏低、出生人口性别比严重失调的问题在韩国日益突出，韩国开始出现了是否应该继续鼓励少生政策的辩论。　　1996年，韩国政府放弃了控制人口增长的政策，转而实行“新人口政策”。新的政策包括倡导家庭健康和福利、平衡出生性别比、鼓励妇女参与生产劳动、改善老年人生活、实现人口平衡分布等。　　韩国政府希望通过这些新政策，从鼓励少生转变为鼓励生育，以平衡出生人口性别比，并增加婴儿出生率，实现人口的自然更替。但是，出乎政策制定者预料的是，韩国的生育率却继续下降。2000年，韩国生育率降低到1.47。2002年，生育率降低到1.17，甚至比人口出现负增长的日本的生育率还要低。　　2004年，韩国政府正式推出了鼓励生育政策，2005年出台了《低生育率和人口老化基本法》，2006年提出了“2020战略”，即到2020年把生育水平提升到1.6。　　据韩国媒体报道，韩国政府近年已投入至少3.7万亿韩元用于无偿保育政策，鼓励韩国人生育。政府将投入的资金用于支援普通家庭的托儿和育儿教育，并对结婚、生育、子女养育各个环节给予相应奖励。例如，政府面向月收入低于一定水平的新婚夫妇每年提供5万套保障住房；为怀孕女性提供一定的产前诊疗检查费用；子女不满6岁时，女性可以有1年假期在家养育子女，期间每月可领取40万至50万韩元的底薪，并且雇主必须保留生育妇女的职位。　　为了鼓励人们多生孩子，韩卫生部甚至决定每月搞个“熄灯日”，放员工早早回家“造人”，因此被多数民众笑称“韩国生育部”。　　政策鼓励仅是小恩小惠　　中国人民大学人口与发展研究中心主任翟振武分析说，虽然韩国出台了一系列鼓励生育措施，但韩国家庭，尤其是年轻夫妇生育孩子的意愿仍然不高。　　在2014年美国中情局出版的《世界概况》调查报告中，韩国总和生育率在全球仍然排名倒数。该调查报告称，韩国的综合生育率仅为1.25，在224个国家和地区中排名第219位。　　1984年生于韩国首尔的李亨镐目前在北京学习汉语，他对新京报记者表示，自己出生时韩国正在实行“家庭计划”政策。“政府提倡要有计划地生育，生育孩子不能没有节制，并不是要求每个家庭只能生一个孩子。”李亨镐认为，自己未来仍然有很多学习和工作上的计划，结婚生子还为时尚早。“我的情况在韩国年轻人中可能是比较常见的，30多岁还没结婚生子很正常，甚至对女生来说也一样。”　　韩国《朝鲜日报》今年3月曾报道称，在首尔江南某医院妇产科产室内，家属们看到34名产妇的年龄后十分惊讶。最年轻的产妇为25岁，最年长的为44岁，所有产妇的平均年龄为33.1岁。一名34岁产妇的母亲李某(58岁)说：“我们那个年代基本上23岁生下第一胎，但现在几乎没有23岁生孩子的。现在的年轻人大学毕业后，32岁左右结婚，30多岁才生孩子，而且只生一个，新生儿出生率低是理所当然的事。”　　翟振武向新京报记者分析说，韩国的情况不是特例。世界上许多发达国家都出台了一系列鼓励生育的政策，但取得明显成效的并不多，韩国近些年的生育率仍然持续在低位徘徊，并没有达到政策出台时的预期。究其原因，翟振武认为这些鼓励生育的措施实际上还停留在“小恩小惠”上。这些鼓励政策，与女性的职业发展机会、家庭发展计划、生育孩子的压力等因素相比，显然只是一些细枝末节的考量因素。　　此外，随着社会保障体系的完善，以往亚洲社会的传统观念中“养儿防老”的想法也显得过时而守旧了。父母不再需要孩子养老，转而依靠国家和社会保障来养老，也造成年轻夫妇组成的家庭生养孩子的意愿在降低。　　■ 链接　　普京：生3个孩子应成俄家庭标准　　俄罗斯是世界上国土面积最大的国家，同时也是世界上人口密度最小的国家之一。就像许多地广人稀的欧美发达国家一样，俄罗斯也面临低生育率的考验，甚至遇到了人口危机。　　多生孩子成“英雄母亲”　　从1992年开始，俄罗斯遭遇“人口噩梦”。此后二十年间，俄罗斯人口减少了670万。如果没有640万外来移民，俄罗斯人口减少的幅度将达到1310万。　　高达千万的人口降幅在于俄罗斯的低生育率和高死亡率。苏联解体之后，1992年，俄罗斯的死亡人口第一次超过了出生人口，俄罗斯人口开始出现下滑。翟振武向新京报记者分析说，俄罗斯并未像韩国、新加坡等国家一样实行“家庭计划”控制人口增长，但工业化与城市化的进程仍然使俄罗斯的人口生育率持续降低。　　俄罗斯政府为了扭转人口负增长出台了一系列鼓励措施，可谓煞费苦心。俄政府自上世纪90年代起就出台鼓励生育的政策，但俄罗斯政府在2006年通过了以提高人口数量为目标的立法，大幅度增加了对生育父母的财政补贴，鼓励生育政策力度达到高峰。　　从事媒体工作的张菁曾经在俄罗斯留学多年，她对新京报记者介绍说，俄罗斯是世界产假最长的国家之一。女性生育后的产假可分为三个阶段。在女性生育前后，可以休假140天，这140天内可以获得全额津贴，这一时期内的津贴补助标准约为每月3万卢布，约合人民币7000元左右。140天之后，产妇可以继续休假到婴儿一岁半，这一时期产妇可以获得原工资40%的津贴。婴儿一岁半之后，产妇如果需要还可以继续休假一年半，直到孩子三岁，在这段时期内，产妇不会获得津贴，但雇主必须保留产妇的职位，不得将其解雇。　　俄罗斯政府还在2006年颁布实施了“母亲基金”法案。该法案从收入、教育、住房、就业及社会保障等多个层面深入挖掘了俄罗斯人口的增值潜力，还规定对生育第二个以及更多孩子的家庭提供补贴。　　除了联邦层面的鼓励政策，俄罗斯各个州也有自己的地方性奖励政策。比如俄罗斯一个州甚至将每年9月12日设为“怀孕日”，这天所有的已婚夫妇都可以放假，以便专心在家“造人”。　　在俄罗斯当地，生育子女多的妇女会被人们称为 “英雄母亲”，不仅放产假3年，而且工资奖金照发，职位保留到产假期满，在休假期间女性也随时可以要求返回工作岗位。为了让女性在生育后没有后顾之忧，2013年12月俄国家杜马还通过法案，确保生育三个孩子的女性可以有4年半的产假在家照顾子女。　　俄鼓励生育政策更奏效　　近年来，得益于俄罗斯实施的促进人口增长计划，俄罗斯人口总数趋于稳定，2013年扭转了人口负增长，实现自然正增长。　　根据俄罗斯卫生和社会发展部的统计数据，俄罗斯2011年的生育率已达到1.6，比1999年1.17高了不少。　　俄罗斯总统普京在2013年12月发表的国情咨文中提到这一趋势，并称其为“极好的标志”。普京还指出，每个家庭拥有3个孩子应该成为俄罗斯家庭的标准。他建议政府进一步创造更好的条件，尤其是为妇女提供条件，让他们不用担心生育两个孩子会影响自己的职业发展。　　翟振武对新京报记者分析说，生育率下降带来的少子化危机是世界国家面临的普遍性问题。在许多欧洲国家，尤其是丹麦、瑞典、挪威等北欧国家，也有许多生育津贴，延长产假等有利于生育的政策，这些国家的生育福利是整体福利计划的一部分，并不特别针对生育群体。但俄罗斯及韩国的鼓励生育政策是非常明确、非常有目的性的，就是为了提高生育率，增加人口。　　俄罗斯的补贴力度比韩国更大，可能是俄罗斯鼓励生育政策成效更明显的原因之一。但翟振武指出，俄罗斯大力度实施生育补贴的做法并不一定适用于所有面临少子化危机的国家。　　此外，翟振武表示，生育率的增长受到多方面因素影响的，政策只是其中的一部分，甚至是一小部分。　　采写/新京报记者 张婷
外资继续杀入中国房地产市场,,"新浪财经 微博
",2015年11月05日 17:29,　　新浪美股讯 北京时间5日下午消息，中国各地的“鬼城”可能让部分中小投资者望而生畏，但国外大资金依然看好中国房地产市场。　　加拿大第二大养老金魁北克省退休基金管理机构(Caisse de depot et placement du Quebec)的房地产投资公司亿万豪剑桥(Ivanhoe Cambridge)正在寻求扩大对中国房地产市场的投资。　　亿万豪剑桥的成长市场执行副总裁Rita-Rose Gagne表示，尽管中国存在“鬼城”和过度开发的问题，但“我们也看大了大量的投资机会”。亿万豪剑桥管理着364.8亿美元资产，最近与百仕通(Blackstone Group)联手以53亿美元收购了曼哈顿的Stuyvesant Town-Peter Cooper Village项目。　　“中国经济最终将转向更可持续的增长步伐，但依然是很重要的增长，”Gagne说道。她认为，无论中国GDP增速是4%还是6%，都是非常庞大的增长，看好中国的中长期前景。　　中国一直在努力将经济增长模式从制造业和基础设施投资转向消费驱动。　　亿万豪剑桥似乎正在为迎接中国这一增长模式做准备。　　6月份，亿万豪剑桥向上海的商业地产开发商崇邦集团投资了5亿美元。今年早些时候，它还与CBRE Global Investments联手向中国仓储地产投资1.8亿美元。　　亿万豪剑桥还持有长沙乐和城购物中心的股份。　　Gagne表示，亿万豪剑桥主要与战略投资伙伴一起投资中国一线城市地产。　　在中国央行[微博]连续6次降息以及政府刺激楼市政策的推动下，中国房地产市场已经出现企稳迹象。根据中国统计局的数据，今年前8个月，全国新房销售量同比上升18.7%，高于前7个月16.8%的增幅。　　相比之下，商业地产短期可能面临一些风险。比如，没有人能够确保消费者会去商场购物，消费者信心看起来很低迷。Westpac MNI中国消费者信心指数10月份从9月份的118.2跌至109.7，创2007年调查开始以来的最低值。　　亿万豪剑桥并不是唯一勇敢投资中国房地产市场的大型投资者。　　全球最大资产管理公司贝莱德(BlackRock)执行董事兼亚洲房地产主管John Saunders曾经在9月份向CNBC表示，中国经济转型将给商业地产带来健康的推动。贝莱德管理着4.5万亿美元资产。　　此外，私募股权巨头贝恩资本(Bain Capital)也在进行与中国消费相关的投资，比如投资汇付天下。(Tony 编译)
为何“深港通”辟谣后A股依然任性大涨？,,"新浪财经 微博
",2015年11月05日 10:47,　　新浪美股讯 北京时间5日上午消息，周三一则关于今年启动“深港通”的传闻刺激A股早盘大涨，尽管随后立即辟谣，上证收盘依然暴涨4.3%，创业板暴涨6.4%。周四早盘A股延续周三的上涨动能。　　周三早盘，有媒体称中国人民银行[微博]行长周小川表示“深港通”项目将于今年启动。消息刺激A股强劲走高，券商股全线涨停，港交所股价大涨。但随后相关部门立即澄清，这篇文章其实是今年5月27日时的旧闻，并不是最新消息。港交所也发布声明，称“深港通”并未被监管层最终敲定。　　尽管辟谣之后港股立即出现深度回调，但A股丝毫不为所动，继续强劲上涨直到收盘。为何会出现这种“任性”走势呢？　　德意志银行(Deutsche Bank)策略师Yuliang Chang认为推动A股大涨还有以下几个因素：　　首先，习近平主席提出中国经济未来5年至少需要达到6.5%的增速。这是一个利好消息，因为它是更切合实际的增长目标，同时为经济结构调整留出了更大的余地。　　其次，两岸关系出现改善迹象。时隔半个多世纪，“习马会”给人们带来很大的想象空间。　　第三是国企改革利好。周三中国政府网公布了《国务院关于改革和完善国有资产管理体制的若干意见》。这是对国有企业进行改制以提升效率的重要指引。德银预计未来几个季度还会有更多实施细则出台。　　最后，中国经济出现了企稳迹象。周三公布的10月份财新服务业PMI从9月份的50.5强劲攀升至52，而此前公布的财新制造业PMI也回升1.1个百分点至48.3。官方制造业PMI中新订单指数已经连续两个月回升。(Tony 编译)
中国对英语教育兴趣下降 熟练度亚洲倒数,,"新浪财经 微博
",2015年11月03日 17:30,　　新浪美股讯 北京时间3日下午消息，中国对英语教育正在失去兴趣，使得中国人的英语熟练程度在全球的排名下降10位。　　语言培训机构英孚教育(EF Education First)对全球70个国家的英语熟练程度进行了排名。英孚教育驻香港研究与学术合作主管Minh Tran指出：中国政府“对于在公共教育体系中应该在多大程度上重视英语教学提出了质疑”。　　在中国部分地区的中学，英语考试分数在全国高考中所占的权重已经有所下降，汉语的重要性相应地有所提升。　　中国人英语语言能力的下降恰好发生在中国国际地位的上升过程中，不单是经济上的，也是文化上的。在文化方面，中国通过隶属于教育部的非营利机构孔子学院向全球推广汉语和中国文化，美国大约有100所孔子学院，全球大约400所。图 亚洲各国英语熟练程度得分排名　　不过，中国官方对英语教育的立场松动并不代表个体中国人兴趣下降。事实上，中国人学英语的热情十分高涨，尤其是2008年奥运会之后。　　Tran表示：“中国的民间英语学习机构在学生和白领中受欢迎度上升。他们希望在公共教育体系之外寻求额外的竞争优势，以便将来可以胜任国际化的职位或者出国留学。”　　据媒体报道，中国的英语学习者大约有3亿人。英语培训行业的价值达300亿人民币(50亿美元)。　　英孚教育估算，中国在线英语学习者人数将从2013年的6720万人上升至1亿2000万人。民间英语培训机构也在将触角延伸到二线城市和一些偏远省份。　　与今年中国英语熟练程度排名下降相反，智利、墨西哥、巴西、哥斯达黎加、乌拉圭和危地马拉等拉丁美洲国家排名超过中国。排名最高的国家是瑞典、荷兰、丹麦、挪威和芬兰。　　英孚认为中国需要重新考虑英语的重要性，因为随着中国推行“一带一路”战略，英语依然是中国与其贸易伙伴交往的通用语言。(Tony 编译)
经济学家：中国彻底放开生育都难提升出生率,,"新浪财经 微博
",2015年11月03日 12:05,　　新浪美股讯 北京时间3日上午消息，中国希望通过放弃独生子女政策来解决严重的人口增长问题，但不少经济学家怀疑二胎新政恐怕收效甚微。　　实施计划生育政策以来，中国出生率不断下降，人口逐渐走向老龄化。近几年，人口增长放缓引起中国政府担忧。　　经济学家预计，全面放开二胎可以让中国的出生率(每个妇女一生平均生育的子女数量)从1.9微升至2.1。　　不过这可能作用不大。　　Rand Corp劳动力市场及人口研究主席James Smith表示：“从1.9到2.1？这不会给中国的人口指标带来大幅改变。中国应该彻底放弃计划生育政策。”　　但部分中国观察家表示，即便全面放弃计划生育政策也无法带来婴儿潮。NSBO Bank专攻中国宏观研究的经济学家Duncan Wrigley预计，彻底放弃计划生育政策可以让每年出生的婴儿数量从当前的1700万上升大约100-200万。　　历史显示，2013年中国小幅放开计划生育政策并未产生太大效果。“(2013年的‘单独二胎’政策)对出生率的提升仅达到预期的1/4，”Wrigley如是称。　　钱也是一个问题。过去10年中国生育子女的平均成本急剧上升。Wrigley指出，收入上升和养育子女成本上升导致中国人生育子女的愿望下降。　　凯投宏观(Capital Economics)在上周五的一份报告中指出，作为计划生育政策变化最大的受益者，城市居民普遍不愿生育更多子女。部分专家表示，中国政府需要提供一定的激励措施，比如对低收入家庭生育二胎提供补助。　　不过凯投宏观中国经济学家Chang Liu认为，从亚洲其他国家的经验来看，提供补助可能也无济于事。　　他指出：“近几年新加坡政府采取了一系列措施来鼓励生育，包括金钱奖励以及MV和传单宣传。然而新加坡的生育率仍维持在1.2，大大低于替代率所需的水平，仅略高于澳门和香港(1.1)，与韩国(1.2)相当。”　　根据联合国[微博]的数据，2013年中国有2300万80岁以上的老人，预计到2050年这一年龄群体将达到9000万人。(Tony 编译)
中概股本月将进入MSCI指数 为A股打先锋,,"新浪财经 微博
",2015年11月03日 09:42,　　新浪美股讯 北京时间3日上午消息，本月MSCI将开始把在海外上市的中国公司股票纳入其新兴市场系列指数，有望为中概股带来数百亿美元资金流入，并最终为A股上市公司进入MSCI指数做好铺垫。　　今年6月MSCI决定暂不将A股上市公司纳入国际指数，成为下半年A股暴跌的因素之一。　　随着A股逐渐企稳，中概股(即美国存托凭证，ADR)被纳入MSCI指数将是测试外国投资者对中国上市公司兴趣的首个机会。　　中国政府希望鼓励更多海外资金进入大陆金融市场，但外国投资者对于政府直接干预所造成的市场扭曲心存疑虑。不过，在海外上市的中概股不会受到这种影响。　　Brown Brothers Harriman外汇策略全球主管Marc Chandler表示：“中概股不但为外国投资者介入中国消费概念板块打开了方便之门，而且由于它们在美国上市，因此不会像今年夏季国内市场那样受到政府干预。”　　分析师预计未来6个月指数的调整将为中概股带来最高700亿美元的资金流入，同时令中国股票在MSCI新兴市场指数中的权重从略高于23%上升至26%以上。目前MSCI新兴市场指数只包括在香港上市的中国公司。　　投资者对于阿里巴巴和百度等中概股进入MSCI指数表示欢迎，因为这些公司大都与国内消费相关，即便在中国制造业步履维艰的情况下，它们也能够实现增长。　　法国巴黎银行投资合伙公司(BNP Paribas Investment Partners)驻香港的亚太股票主管Arthur Kwong表示：“这些都属于新经济、创新型公司，与A股那些传统的国有企业大不相同，投资者应该会为之兴奋。”(Tony 编译)
朴槿惠在青瓦台盛迎李克强,,"
国家发改委网站 
",,  　　    31日下午，韩国总统朴槿惠在总统府青瓦台的大草坪上，为来访的李克强总理举行了盛大欢迎仪式。
亚投行协定提交我国立法机构审议,,"
中国证券网 
",,　　亚投行协定提交我国立法机构审议　　中国证券网讯 《亚洲基础设施投资银行协定》30日提交第十二届全国人大常委会第十七次会议审议。中国目前是亚投行第一大股东，一旦协定获批，意味着亚投行距离正式成立迈出重要一步。　　据新华社10月30日报道，受国务院委托，中国财政部部长楼继伟就提请审议批准协定的议案向全国人大常委会作了说明。　　2015年5月22日，亚投行各意向创始成员国在第五次首席谈判代表会议上商定了协定文本，以法律形式明确了亚投行的各项核心要素。　　今年6月29日，经党中央、国务院批准，楼继伟作为中国财政部部长与其他49个亚投行意向创始成员代表分别代表本国在北京签署协定。10月27日，丹麦授权代表在北京签署协定，成为协定第54个签署方。　　协定签署后，并不意味着亚投行马上就能宣告成立。据介绍，57个意向创始成员国中未走完程序的国家应在2015年底前完成协定签署。同时，各意向创始成员国还应在2016年12月31日前完成本国立法机构批准，此后才能成为亚投行创始成员。　　当然，亚投行的正式开门营业不会等到那么晚，只要协定达到生效条件，亚投行就可以宣告成立。　　楼继伟介绍，协定生效的条件是，至少有10个签署方已交存批准书、接受书或者核准书，且签署方初始认缴股本的加总数额不少于认缴股本总额的50%。　　楼继伟说，截至目前，缅甸、新加坡和文莱已经完成了协定的批准工作。目前，协定尚未生效。不过业内人士指出，亚投行总认缴股本中，中方认缴股本比重达到30.34%，因此中国立法机构能否批准协定对亚投行是否能如期开张至关重要。
新兴市场外资流入创4个月新高：台股最大,,"新浪财经 微博
",2015年10月30日 16:38,　　新浪美股讯 北京时间30日下午消息，在截至10月28日的一周里，新兴市场股市获得12亿美元外资流入，为16周来最高水平。　　Jefferies提供的数据显示，外国投资者连续第3周净买入亚洲股票，但这周分布面更广。引人注目的是，外资13周来首次进入港股，中国股市连续第3周获得净流入。　　台湾股市是外资流入的主要目的地，连续第4周流入，总额达到23亿美元，相比之下日本股市仅获得14亿美元资金流入。　　10月份台湾TAIEX指数上涨4.8%。Jefferies分析师Kenneth Chan表示：“台湾股市最近的反弹主要受外国投资者推动。”　　据彭博社报道，由于外资强劲流入，台湾“央行[微博]”本周对新台币进行了干预，防止进一步升值。　　很显然，台湾地区有充分的动力保持新台币的竞争力。3季度，台湾地区GDP同比下降1%，主要原因就是出口下降2.9%。相比之下，2季度出口降幅“仅”1.3%。　　过去一周，跟踪新兴市场的iShares MSCI Emerging Markets ETF(EEM)下跌4.1%。(Tony 编译)
中国另一个大问题：男女比例失调全球第一,,"新浪财经 微博
",2015年10月30日 10:41,　　新浪美股讯 北京时间30日上午消息，“五中全会”宣布废除长期以来的独生子女政策，全面放开二胎。这是中国应对人口老龄化、工作年龄人口下降的重要举措，不过中国还有另外一个严重的人口问题，那就是男女比例失调程度高居全球第一。　　造成这种现象的一个重要原因是性别选择。受传统观念的影响，以及长期以来农村对男性劳动力的依赖，中国的年轻父母依然将生育男孩作为自己的一项“义务”。虽然通过堕胎进行性别选择在中国属于违法行为，但至少在广大农村地区，人们依然想方设法事先从医生那里获得关于婴儿性别的信息。　　男女比例的严重失调已经在中国造成了数千万单身男性。在中国年轻人中间，尤其是男性，往往会用“单身狗”(single dog)这个词来进行自嘲或嘲讽其他单身者。这反映出在单身男性中间，自愿单身的可能是极少数，而大部分都是被迫单身。他们将这种状况错误地视为自身能力不足或魅力不够，以至于无法吸引到异性，而忽视了男女比例失调才是他们悲惨处境的根源。　　野村(Nomura)分析师在2011年的一份报告中指出：“也许中国人口可持续性面临的最大问题在于男孩和女孩比例的严重失调。”　　野村报告指出：“中国女性一生平均只生育0.71个女孩，远远低于略高于1的替代率。2010年，中国男性比女性多出5100万。中国每出生100个女婴，就有120个男婴出生。这一比例在全球居于最高水平。“图 全球出生性别比例排名　　“按照这一比例，当今天这些男婴到适婚年龄，将有高达1/5的人无法找到新娘。这可能造成社会动荡的风险，”野村报告称。　　事实上，当一个社会男女比例严重失调、大量男性无法找到伴侣，强奸和其他暴力行为通常会上升。(Tony 编译)
中国10月消费者信心指数跌至记录新低,,"新浪财经 微博
",2015年10月28日 13:42,　　新浪美股讯 北京时间28日下午消息，由澳大利亚西太平洋银行(Westpac)与国际市场新闻社(MNI)联合发布的中国消费者信心指数跌至记录新低。　　10月份读数从9月份的118.2大跌至109.7，创该调查2007年开始以来的最低水平。　　在分项指数中，商业环境前瞻降幅最大，未来一年商业环境预期指数下降10.3个百分点，未来5年商业环境预期指数下降8.2个百分点。其次，家庭财务状况的现况与预期指数分别下降5.3个百分点和7.3个百分点。　　该调查的对象为涵括一二三线城市的30个城市的消费者。受访者表示他们计划在近期内削减购物和娱乐支出。　　澳大利亚西太平洋银行国际经济学家Huw McKay表示：“这一数据公开质疑了中国消费者在实体经济低迷环境下的弹性。”　　上周中国公布3季度GDP增长6.9%，为2009年以来最低增速。(Tony 编译)
法兴：人民币加入SDR难带来大规模资金流入,,"新浪财经 微博
",2015年10月28日 11:04,　　新浪美股讯 北京时间28日上午消息，法兴银行(Societe Generale)预计人民币下个月可能被纳入国际货币基金组织[微博](IMF[微博])的特别提款权(SDR)货币篮子，不过进入SDR并不能给中国带来大规模资金流入。　　最近各国纷纷支持人民币进入SDR，在美国和英国发表支持声明之后，本周日本也表示有条件支持人民币进入SDR。　　上周，彭博社援引知情人士称，国际货币基金组织(IMF)代表已经告诉中国，人民币可能很快被纳入SDR，而中国政府官员对获得批准信心十足，已经在准备相关的庆祝声明。　　法兴银行指出，人民币进入SDR将是一个历史性时刻，使得人民币成为第一个进入SDR的新兴市场货币，不过并不会导致巨大的储备资金流入中国。　　“大部分主要的储备经理人已经投资于中国，作为其长期多元化计划的一部分。根据中国央行[微博]的数据，截至4月份外国政府持有大约1070亿美元的人民币资产，相当于除中国外全球总储备金额的1.4%，”法兴分析师如是称。　　法兴银行预计，“如果人民币在全球储备中的比重达到日元和英镑的权重，”未来5年只能获得大约2100亿美元的资金流入，不过是“沧海一粟”。　　IMF正在展开5年一次的SDR货币篮子构成评估，其工作人员将向执行董事会提出建议，最早于下月投票表决。在2010年进行的上次评估中，IMF执行董事会认为人民币不满足“可自由使用”的条件，拒绝将其纳入SDR。(Tony 编译)
